insert into user_account (user_id, user_password, nickname, email, memo, created_at, created_by, modified_at, modified_by) values
    ('id1', 'awdr1234', '갑', 'id1@mail.com', 'hello.', now(), '갑', now(), '갑')
;
insert into user_account (user_id, user_password, nickname, email, memo, created_at, created_by, modified_at, modified_by) values
    ('id2', 'qsef1234', '을', 'id2@mail.com', 'world.', now(), '을', now(), '을')
;
insert into user_account (user_id, user_password, nickname, email, memo, created_at, created_by, modified_at, modified_by) values
    ('id3', 'zscf1234', '병', 'id3@mail.com', 'spring.', now(), '병', now(), '병')
;

insert into article (user_id, title, content, hashtag, created_at, created_by, modified_at, modified_by) values ('id1', 'Suspendisse potenti.', 'Aenean lectus.', 'Indigo', '2022-07-19 05:15:03', 'Ainsley', '2022-07-18 19:37:58', 'Alex');
insert into article (user_id, title, content, hashtag, created_at, created_by, modified_at, modified_by) values ('id1', 'Phasellus in felis.', 'Suspendisse potenti.', 'Aquamarine', '2022-04-25 19:35:10', 'Marty', '2022-08-23 06:37:23', 'Bruno');
insert into article (user_id, title, content, hashtag, created_at, created_by, modified_at, modified_by) values ('id3', 'Suspendisse potenti.', 'Etiam faucibus cursus urna.', 'Khaki', '2022-01-26 22:49:35', 'Fanchette', '2022-01-09 11:14:24', 'Tucker');
insert into article (user_id, title, content, hashtag, created_at, created_by, modified_at, modified_by) values ('id1', 'In congue.', 'Nullam orci pede, venenatis non, sodales sed, tincidunt eu, felis.', 'Blue', '2022-05-17 11:17:18', 'Hana', '2022-03-19 23:48:13', 'Kylila');
insert into article (user_id, title, content, hashtag, created_at, created_by, modified_at, modified_by) values ('id2', 'Pellentesque viverra pede ac diam.', 'Cras in purus eu magna vulputate luctus.', 'Mauv', '2022-12-06 17:18:46', 'Katuscha', '2022-02-16 14:24:23', 'Orv');
insert into article (user_id, title, content, hashtag, created_at, created_by, modified_at, modified_by) values ('id3', 'Nam dui.', 'Nullam porttitor lacus at turpis.', 'Red', '2022-10-17 11:22:13', 'Zorina', '2022-05-31 14:08:31', 'Rainer');
insert into article (user_id, title, content, hashtag, created_at, created_by, modified_at, modified_by) values ('id3', 'Duis bibendum, felis sed interdum venenatis, turpis enim blandit mi, in porttitor pede justo eu massa.', 'Quisque erat eros, viverra eget, congue eget, semper rutrum, nulla.', 'Green', '2022-04-21 03:02:05', 'Leo', '2022-12-21 08:36:56', 'Shirlene');
insert into article (user_id, title, content, hashtag, created_at, created_by, modified_at, modified_by) values ('id2', 'Duis mattis egestas metus.', 'Morbi vestibulum, velit id pretium iaculis, diam erat fermentum justo, nec condimentum neque sapien placerat ante.', null, '2022-06-04 06:30:11', 'Joy', '2022-08-05 08:46:50', 'Magnum');
insert into article (user_id, title, content, hashtag, created_at, created_by, modified_at, modified_by) values ('id1', 'Aenean sit amet justo.', 'Praesent blandit lacinia erat.', null, '2022-12-08 15:20:34', 'Zena', '2022-10-14 05:42:53', 'Pattie');
insert into article (user_id, title, content, hashtag, created_at, created_by, modified_at, modified_by) values ('id2', 'Curabitur gravida nisi at nibh.', 'Cras mi pede, malesuada in, imperdiet et, commodo vulputate, justo.', 'Indigo', '2022-03-04 19:03:51', 'Brade', '2022-10-07 14:16:12', 'Elspeth');
insert into article (user_id, title, content, hashtag, created_at, created_by, modified_at, modified_by) values ('id1', 'Vestibulum ante ipsum primis in faucibus orci luctus et ultrices posuere cubilia Curae; Donec pharetra, magna vestibulum aliquet ultrices, erat tortor sollicitudin mi, sit amet lobortis sapien sapien non mi.', 'Integer a nibh.', null, '2022-01-10 20:56:47', 'Bogart', '2022-08-16 13:25:38', 'Gifford');
insert into article (user_id, title, content, hashtag, created_at, created_by, modified_at, modified_by) values ('id1', 'Suspendisse potenti.', 'Duis ac nibh.', 'Violet', '2022-03-08 00:48:05', 'Mathilda', '2022-01-05 12:11:24', 'Nicko');
insert into article (user_id, title, content, hashtag, created_at, created_by, modified_at, modified_by) values ('id2', 'Donec ut dolor.', 'Fusce posuere felis sed lacus.', 'Orange', '2021-12-31 10:20:42', 'Amabelle', '2022-08-29 23:57:28', 'Leilah');
insert into article (user_id, title, content, hashtag, created_at, created_by, modified_at, modified_by) values ('id3', 'Etiam justo.', 'Morbi sem mauris, laoreet ut, rhoncus aliquet, pulvinar sed, nisl.', 'Turquoise', '2022-05-20 11:14:20', 'Leonardo', '2022-06-13 05:29:17', 'Lottie');
insert into article (user_id, title, content, hashtag, created_at, created_by, modified_at, modified_by) values ('id1', 'In tempor, turpis nec euismod scelerisque, quam turpis adipiscing lorem, vitae mattis nibh ligula nec sem.', 'Phasellus in felis.', null, '2022-05-01 17:56:09', 'Lelah', '2022-11-02 03:18:05', 'Chaunce');
insert into article (user_id, title, content, hashtag, created_at, created_by, modified_at, modified_by) values ('id3', 'Donec posuere metus vitae ipsum.', 'In est risus, auctor sed, tristique in, tempus sit amet, sem.', null, '2022-10-16 22:35:50', 'Dell', '2022-04-13 01:25:52', 'Bobbee');
insert into article (user_id, title, content, hashtag, created_at, created_by, modified_at, modified_by) values ('id2', 'In hac habitasse platea dictumst.', 'Donec ut dolor.', 'Crimson', '2022-10-30 00:50:42', 'Pattie', '2022-08-19 15:05:41', 'Merrile');
insert into article (user_id, title, content, hashtag, created_at, created_by, modified_at, modified_by) values ('id1', 'Duis mattis egestas metus.', 'Vivamus vel nulla eget eros elementum pellentesque.', null, '2022-07-08 05:17:30', 'Stella', '2022-05-11 15:35:12', 'Lief');
insert into article (user_id, title, content, hashtag, created_at, created_by, modified_at, modified_by) values ('id1', 'Praesent blandit lacinia erat.', 'Integer a nibh.', 'Teal', '2022-07-06 08:43:26', 'Clementina', '2022-10-05 07:54:49', 'Cariotta');
insert into article (user_id, title, content, hashtag, created_at, created_by, modified_at, modified_by) values ('id2', 'Nam nulla.', 'Nam ultrices, libero non mattis pulvinar, nulla pede ullamcorper augue, a suscipit nulla elit ac nulla.', 'Pink', '2022-12-16 11:55:21', 'Goraud', '2022-09-24 11:33:58', 'Kaycee');
insert into article (user_id, title, content, hashtag, created_at, created_by, modified_at, modified_by) values ('id3', 'Suspendisse potenti.', 'Nullam varius.', null, '2022-06-19 18:01:47', 'Thornton', '2022-06-20 02:25:15', 'Sayre');
insert into article (user_id, title, content, hashtag, created_at, created_by, modified_at, modified_by) values ('id1', 'Proin risus.', 'Vivamus vestibulum sagittis sapien.', 'Khaki', '2022-12-12 14:13:20', 'Leilah', '2022-06-07 09:39:10', 'Philippe');
insert into article (user_id, title, content, hashtag, created_at, created_by, modified_at, modified_by) values ('id3', 'Vestibulum ante ipsum primis in faucibus orci luctus et ultrices posuere cubilia Curae; Donec pharetra, magna vestibulum aliquet ultrices, erat tortor sollicitudin mi, sit amet lobortis sapien sapien non mi.', 'Lorem ipsum dolor sit amet, consectetuer adipiscing elit.', 'Orange', '2022-04-11 14:09:09', 'Godiva', '2022-09-15 02:00:54', 'Lilas');
insert into article (user_id, title, content, hashtag, created_at, created_by, modified_at, modified_by) values ('id1', 'Nam nulla.', 'In quis justo.', null, '2022-08-25 11:25:29', 'Harrison', '2022-12-23 02:49:51', 'Kirsti');
insert into article (user_id, title, content, hashtag, created_at, created_by, modified_at, modified_by) values ('id1', 'Vestibulum ac est lacinia nisi venenatis tristique.', 'Fusce lacus purus, aliquet at, feugiat non, pretium quis, lectus.', 'Aquamarine', '2022-11-13 00:57:29', 'De', '2022-05-20 02:13:15', 'Constancia');
insert into article (user_id, title, content, hashtag, created_at, created_by, modified_at, modified_by) values ('id2', 'Quisque id justo sit amet sapien dignissim vestibulum.', 'Morbi vel lectus in quam fringilla rhoncus.', 'Khaki', '2022-04-11 15:03:22', 'Rosene', '2022-09-10 00:47:24', 'Barbabas');
insert into article (user_id, title, content, hashtag, created_at, created_by, modified_at, modified_by) values ('id3', 'Donec quis orci eget orci vehicula condimentum.', 'Suspendisse potenti.', null, '2022-02-21 11:35:50', 'Esmeralda', '2022-04-16 15:13:32', 'Dael');
insert into article (user_id, title, content, hashtag, created_at, created_by, modified_at, modified_by) values ('id2', 'Cum sociis natoque penatibus et magnis dis parturient montes, nascetur ridiculus mus.', 'Integer aliquet, massa id lobortis convallis, tortor risus dapibus augue, vel accumsan tellus nisi eu orci.', 'Violet', '2022-06-28 22:47:21', 'Florian', '2022-03-17 21:45:02', 'Xavier');
insert into article (user_id, title, content, hashtag, created_at, created_by, modified_at, modified_by) values ('id1', 'Praesent blandit.', 'Proin at turpis a pede posuere nonummy.', null, '2022-02-23 04:10:33', 'Quentin', '2022-04-25 06:38:39', 'Shem');
insert into article (user_id, title, content, hashtag, created_at, created_by, modified_at, modified_by) values ('id3', 'Donec quis orci eget orci vehicula condimentum.', 'Maecenas leo odio, condimentum id, luctus nec, molestie sed, justo.', 'Crimson', '2022-03-01 19:18:26', 'Giffer', '2022-11-04 23:27:10', 'Ronna');
insert into article (user_id, title, content, hashtag, created_at, created_by, modified_at, modified_by) values ('id2', 'Nulla justo.', 'Duis mattis egestas metus.', 'Khaki', '2022-10-04 21:40:32', 'Andonis', '2022-08-04 00:41:20', 'Murielle');
insert into article (user_id, title, content, hashtag, created_at, created_by, modified_at, modified_by) values ('id3', 'Maecenas pulvinar lobortis est.', 'Donec posuere metus vitae ipsum.', null, '2022-05-14 22:05:06', 'Gert', '2022-11-21 03:38:13', 'Mano');
insert into article (user_id, title, content, hashtag, created_at, created_by, modified_at, modified_by) values ('id2', 'Curabitur in libero ut massa volutpat convallis.', 'Integer pede justo, lacinia eget, tincidunt eget, tempus vel, pede.', null, '2022-09-19 03:40:38', 'Elbertina', '2022-02-16 00:20:13', 'Wallis');
insert into article (user_id, title, content, hashtag, created_at, created_by, modified_at, modified_by) values ('id3', 'Nunc purus.', 'Nullam orci pede, venenatis non, sodales sed, tincidunt eu, felis.', 'Indigo', '2022-08-26 17:24:34', 'Elliot', '2022-10-13 12:29:14', 'Bobby');
insert into article (user_id, title, content, hashtag, created_at, created_by, modified_at, modified_by) values ('id2', 'Integer tincidunt ante vel ipsum.', 'Suspendisse potenti.', null, '2022-04-13 09:54:51', 'Rasia', '2022-08-01 02:31:05', 'Carney');
insert into article (user_id, title, content, hashtag, created_at, created_by, modified_at, modified_by) values ('id2', 'Vivamus metus arcu, adipiscing molestie, hendrerit at, vulputate vitae, nisl.', 'Duis aliquam convallis nunc.', 'Pink', '2022-01-09 00:48:33', 'Zondra', '2022-04-09 14:34:03', 'Cara');
insert into article (user_id, title, content, hashtag, created_at, created_by, modified_at, modified_by) values ('id3', 'Curabitur convallis.', 'Nullam orci pede, venenatis non, sodales sed, tincidunt eu, felis.', 'Yellow', '2022-08-03 11:56:49', 'Baxy', '2022-01-10 13:26:54', 'Simon');
insert into article (user_id, title, content, hashtag, created_at, created_by, modified_at, modified_by) values ('id3', 'Nam congue, risus semper porta volutpat, quam pede lobortis ligula, sit amet eleifend pede libero quis orci.', 'Phasellus sit amet erat.', 'Puce', '2022-09-11 17:51:03', 'Bekki', '2022-03-21 16:24:35', 'Giselle');
insert into article (user_id, title, content, hashtag, created_at, created_by, modified_at, modified_by) values ('id3', 'Morbi ut odio.', 'Nullam sit amet turpis elementum ligula vehicula consequat.', 'Red', '2022-04-23 07:32:48', 'Weber', '2022-11-14 08:57:15', 'Fan');
insert into article (user_id, title, content, hashtag, created_at, created_by, modified_at, modified_by) values ('id1', 'Pellentesque ultrices mattis odio.', 'Ut tellus.', 'Maroon', '2022-12-19 11:43:25', 'Bekki', '2022-09-07 00:48:01', 'Erica');
insert into article (user_id, title, content, hashtag, created_at, created_by, modified_at, modified_by) values ('id3', 'Vestibulum ac est lacinia nisi venenatis tristique.', 'Pellentesque at nulla.', null, '2022-10-18 02:44:32', 'Osbert', '2022-03-24 04:02:36', 'Lucias');
insert into article (user_id, title, content, hashtag, created_at, created_by, modified_at, modified_by) values ('id1', 'Cras in purus eu magna vulputate luctus.', 'Cras non velit nec nisi vulputate nonummy.', 'Teal', '2022-03-17 17:48:10', 'Neile', '2022-03-21 13:48:22', 'Maureen');
insert into article (user_id, title, content, hashtag, created_at, created_by, modified_at, modified_by) values ('id3', 'Quisque ut erat.', 'Maecenas tincidunt lacus at velit.', 'Indigo', '2022-11-29 01:13:32', 'Vicki', '2022-04-17 09:02:40', 'Quincy');
insert into article (user_id, title, content, hashtag, created_at, created_by, modified_at, modified_by) values ('id1', 'Cum sociis natoque penatibus et magnis dis parturient montes, nascetur ridiculus mus.', 'Maecenas tincidunt lacus at velit.', null, '2022-11-03 09:59:23', 'Kessiah', '2022-08-05 22:24:08', 'Imelda');
insert into article (user_id, title, content, hashtag, created_at, created_by, modified_at, modified_by) values ('id1', 'Nunc rhoncus dui vel sem.', 'Sed accumsan felis.', 'Yellow', '2022-12-05 11:08:12', 'Robinson', '2022-03-15 18:31:39', 'Morty');
insert into article (user_id, title, content, hashtag, created_at, created_by, modified_at, modified_by) values ('id1', 'Phasellus id sapien in sapien iaculis congue.', 'Vestibulum ante ipsum primis in faucibus orci luctus et ultrices posuere cubilia Curae; Duis faucibus accumsan odio.', 'Green', '2022-04-29 19:51:59', 'Riobard', '2022-11-22 18:33:28', 'Dulcia');
insert into article (user_id, title, content, hashtag, created_at, created_by, modified_at, modified_by) values ('id2', 'Proin risus.', 'Curabitur convallis.', null, '2022-09-11 16:19:08', 'Catina', '2022-10-02 20:03:16', 'Reggie');
insert into article (user_id, title, content, hashtag, created_at, created_by, modified_at, modified_by) values ('id2', 'Integer pede justo, lacinia eget, tincidunt eget, tempus vel, pede.', 'Donec semper sapien a libero.', null, '2022-07-23 18:11:44', 'Audrie', '2022-05-25 14:32:18', 'Virgil');
insert into article (user_id, title, content, hashtag, created_at, created_by, modified_at, modified_by) values ('id1', 'Mauris lacinia sapien quis libero.', 'Nullam molestie nibh in lectus.', null, '2022-04-18 16:47:19', 'Letti', '2022-06-06 02:56:54', 'Reider');
insert into article (user_id, title, content, hashtag, created_at, created_by, modified_at, modified_by) values ('id2', 'Fusce posuere felis sed lacus.', 'Duis at velit eu est congue elementum.', null, '2022-05-07 13:51:08', 'Nikita', '2022-11-18 06:04:17', 'Myranda');
insert into article (user_id, title, content, hashtag, created_at, created_by, modified_at, modified_by) values ('id2', 'Curabitur convallis.', 'Cum sociis natoque penatibus et magnis dis parturient montes, nascetur ridiculus mus.', 'Yellow', '2022-09-22 21:59:04', 'Judie', '2022-12-13 06:21:29', 'Vivie');
insert into article (user_id, title, content, hashtag, created_at, created_by, modified_at, modified_by) values ('id1', 'Vestibulum ante ipsum primis in faucibus orci luctus et ultrices posuere cubilia Curae; Donec pharetra, magna vestibulum aliquet ultrices, erat tortor sollicitudin mi, sit amet lobortis sapien sapien non mi.', 'Vivamus in felis eu sapien cursus vestibulum.', 'Crimson', '2022-11-08 00:36:56', 'Cherey', '2022-02-28 06:52:45', 'Rey');
insert into article (user_id, title, content, hashtag, created_at, created_by, modified_at, modified_by) values ('id2', 'In est risus, auctor sed, tristique in, tempus sit amet, sem.', 'Quisque ut erat.', 'Purple', '2022-05-25 05:13:29', 'Harley', '2022-03-30 23:19:25', 'Antoni');
insert into article (user_id, title, content, hashtag, created_at, created_by, modified_at, modified_by) values ('id3', 'Donec quis orci eget orci vehicula condimentum.', 'Mauris enim leo, rhoncus sed, vestibulum sit amet, cursus id, turpis.', 'Puce', '2022-07-16 06:01:56', 'Pete', '2022-05-16 21:44:45', 'Moselle');
insert into article (user_id, title, content, hashtag, created_at, created_by, modified_at, modified_by) values ('id3', 'Aenean lectus.', 'Mauris enim leo, rhoncus sed, vestibulum sit amet, cursus id, turpis.', 'Violet', '2022-12-22 05:55:34', 'Nikolia', '2022-11-24 00:22:08', 'Fanchon');
insert into article (user_id, title, content, hashtag, created_at, created_by, modified_at, modified_by) values ('id1', 'Maecenas ut massa quis augue luctus tincidunt.', 'Morbi a ipsum.', 'Fuscia', '2022-03-30 01:05:43', 'Alvera', '2022-03-10 01:55:01', 'Ruprecht');
insert into article (user_id, title, content, hashtag, created_at, created_by, modified_at, modified_by) values ('id3', 'In blandit ultrices enim.', 'Aliquam non mauris.', 'Crimson', '2022-08-07 17:44:40', 'Muffin', '2022-08-02 12:40:48', 'Egan');
insert into article (user_id, title, content, hashtag, created_at, created_by, modified_at, modified_by) values ('id3', 'Nulla justo.', 'Duis consequat dui nec nisi volutpat eleifend.', 'Violet', '2022-03-11 03:50:32', 'Lothaire', '2022-11-24 03:42:34', 'Doralia');
insert into article (user_id, title, content, hashtag, created_at, created_by, modified_at, modified_by) values ('id1', 'Vivamus in felis eu sapien cursus vestibulum.', 'In hac habitasse platea dictumst.', null, '2022-12-15 05:23:10', 'Levon', '2022-11-06 02:11:41', 'Clyde');
insert into article (user_id, title, content, hashtag, created_at, created_by, modified_at, modified_by) values ('id3', 'Aenean fermentum.', 'Vivamus vestibulum sagittis sapien.', 'Yellow', '2022-08-16 19:07:39', 'Irvine', '2022-03-23 23:18:08', 'Modesta');
insert into article (user_id, title, content, hashtag, created_at, created_by, modified_at, modified_by) values ('id3', 'Suspendisse potenti.', 'Nam dui.', 'Mauv', '2022-10-02 22:25:47', 'Cly', '2022-03-15 15:47:41', 'Darcy');
insert into article (user_id, title, content, hashtag, created_at, created_by, modified_at, modified_by) values ('id1', 'Nulla facilisi.', 'Quisque arcu libero, rutrum ac, lobortis vel, dapibus at, diam.', 'Purple', '2022-03-05 01:02:28', 'Clarence', '2022-07-05 18:51:52', 'Karalee');
insert into article (user_id, title, content, hashtag, created_at, created_by, modified_at, modified_by) values ('id3', 'Praesent id massa id nisl venenatis lacinia.', 'Aenean fermentum.', 'Aquamarine', '2022-08-30 09:45:30', 'Quintus', '2022-12-10 00:50:01', 'Ajay');
insert into article (user_id, title, content, hashtag, created_at, created_by, modified_at, modified_by) values ('id3', 'Suspendisse potenti.', 'Integer a nibh.', 'Aquamarine', '2022-09-09 18:07:04', 'Melvin', '2022-04-01 18:49:11', 'Aldric');
insert into article (user_id, title, content, hashtag, created_at, created_by, modified_at, modified_by) values ('id1', 'Aliquam non mauris.', 'Nullam molestie nibh in lectus.', 'Teal', '2022-11-21 09:37:43', 'Elvyn', '2022-09-03 21:21:11', 'Harmonie');
insert into article (user_id, title, content, hashtag, created_at, created_by, modified_at, modified_by) values ('id2', 'Nam dui.', 'Vestibulum ac est lacinia nisi venenatis tristique.', 'Mauv', '2022-11-07 01:51:28', 'Gerri', '2022-08-22 03:04:11', 'Dion');
insert into article (user_id, title, content, hashtag, created_at, created_by, modified_at, modified_by) values ('id3', 'Cum sociis natoque penatibus et magnis dis parturient montes, nascetur ridiculus mus.', 'Vestibulum ante ipsum primis in faucibus orci luctus et ultrices posuere cubilia Curae; Nulla dapibus dolor vel est.', null, '2022-09-29 23:10:26', 'Jon', '2022-03-31 18:50:00', 'Valeria');
insert into article (user_id, title, content, hashtag, created_at, created_by, modified_at, modified_by) values ('id1', 'Morbi non quam nec dui luctus rutrum.', 'In tempor, turpis nec euismod scelerisque, quam turpis adipiscing lorem, vitae mattis nibh ligula nec sem.', null, '2022-06-17 07:16:57', 'Corene', '2022-11-27 19:44:43', 'Lazaro');
insert into article (user_id, title, content, hashtag, created_at, created_by, modified_at, modified_by) values ('id1', 'Fusce congue, diam id ornare imperdiet, sapien urna pretium nisl, ut volutpat sapien arcu sed augue.', 'Praesent lectus.', 'Teal', '2022-11-25 07:13:42', 'Trescha', '2022-07-01 10:54:47', 'Bastian');
insert into article (user_id, title, content, hashtag, created_at, created_by, modified_at, modified_by) values ('id1', 'Nullam orci pede, venenatis non, sodales sed, tincidunt eu, felis.', 'Suspendisse potenti.', null, '2022-05-31 15:51:17', 'Holly-anne', '2022-09-03 07:34:00', 'James');
insert into article (user_id, title, content, hashtag, created_at, created_by, modified_at, modified_by) values ('id1', 'Mauris ullamcorper purus sit amet nulla.', 'Cras non velit nec nisi vulputate nonummy.', null, '2022-11-18 10:59:39', 'Roz', '2022-05-18 05:57:14', 'Sydney');
insert into article (user_id, title, content, hashtag, created_at, created_by, modified_at, modified_by) values ('id2', 'Morbi ut odio.', 'Integer tincidunt ante vel ipsum.', 'Maroon', '2022-07-23 23:22:25', 'Regen', '2022-04-14 04:43:38', 'Luther');
insert into article (user_id, title, content, hashtag, created_at, created_by, modified_at, modified_by) values ('id1', 'Nullam sit amet turpis elementum ligula vehicula consequat.', 'Pellentesque eget nunc.', 'Maroon', '2022-02-14 16:52:05', 'Emeline', '2022-11-22 18:18:46', 'Avrit');
insert into article (user_id, title, content, hashtag, created_at, created_by, modified_at, modified_by) values ('id1', 'Vestibulum sed magna at nunc commodo placerat.', 'Lorem ipsum dolor sit amet, consectetuer adipiscing elit.', 'Blue', '2022-09-13 02:47:31', 'Stormy', '2022-12-01 14:26:03', 'Valentino');
insert into article (user_id, title, content, hashtag, created_at, created_by, modified_at, modified_by) values ('id3', 'Nulla suscipit ligula in lacus.', 'Nullam molestie nibh in lectus.', 'Orange', '2022-03-22 13:52:42', 'Alexandros', '2022-06-13 17:02:33', 'Baird');
insert into article (user_id, title, content, hashtag, created_at, created_by, modified_at, modified_by) values ('id2', 'Nam nulla.', 'Pellentesque at nulla.', 'Turquoise', '2022-11-06 10:49:45', 'Quill', '2022-08-11 13:04:56', 'Shanta');
insert into article (user_id, title, content, hashtag, created_at, created_by, modified_at, modified_by) values ('id3', 'In blandit ultrices enim.', 'Morbi non quam nec dui luctus rutrum.', 'Aquamarine', '2022-03-25 05:25:06', 'Sam', '2022-07-11 16:54:57', 'Charles');
insert into article (user_id, title, content, hashtag, created_at, created_by, modified_at, modified_by) values ('id2', 'Integer ac leo.', 'Vestibulum sed magna at nunc commodo placerat.', 'Yellow', '2022-12-07 10:39:39', 'Leodora', '2022-03-10 14:54:59', 'Nickie');
insert into article (user_id, title, content, hashtag, created_at, created_by, modified_at, modified_by) values ('id2', 'Maecenas rhoncus aliquam lacus.', 'Morbi quis tortor id nulla ultrices aliquet.', null, '2022-12-01 10:25:18', 'Edmund', '2022-02-09 02:29:31', 'Reta');
insert into article (user_id, title, content, hashtag, created_at, created_by, modified_at, modified_by) values ('id1', 'Ut tellus.', 'Nulla justo.', 'Crimson', '2022-03-12 21:12:10', 'Ilysa', '2022-12-09 09:31:24', 'Fonzie');
insert into article (user_id, title, content, hashtag, created_at, created_by, modified_at, modified_by) values ('id3', 'Quisque erat eros, viverra eget, congue eget, semper rutrum, nulla.', 'Etiam faucibus cursus urna.', 'Goldenrod', '2022-06-05 18:36:40', 'Arlette', '2022-04-30 19:59:27', 'Ronna');
insert into article (user_id, title, content, hashtag, created_at, created_by, modified_at, modified_by) values ('id3', 'Cum sociis natoque penatibus et magnis dis parturient montes, nascetur ridiculus mus.', 'Nam dui.', 'Indigo', '2022-02-01 01:16:37', 'Denver', '2022-02-06 02:02:47', 'Marylou');
insert into article (user_id, title, content, hashtag, created_at, created_by, modified_at, modified_by) values ('id1', 'Integer a nibh.', 'Duis ac nibh.', 'Turquoise', '2022-10-09 18:45:46', 'Adrianna', '2022-01-08 00:20:02', 'Devon');
insert into article (user_id, title, content, hashtag, created_at, created_by, modified_at, modified_by) values ('id1', 'Nullam porttitor lacus at turpis.', 'Phasellus in felis.', null, '2022-02-23 18:57:42', 'Barri', '2022-05-27 05:01:25', 'Marijn');
insert into article (user_id, title, content, hashtag, created_at, created_by, modified_at, modified_by) values ('id1', 'Maecenas rhoncus aliquam lacus.', 'In hac habitasse platea dictumst.', null, '2022-03-12 21:50:48', 'Rebekah', '2022-07-21 10:44:32', 'Nerti');
insert into article (user_id, title, content, hashtag, created_at, created_by, modified_at, modified_by) values ('id3', 'Quisque porta volutpat erat.', 'Nam dui.', 'Green', '2022-02-17 04:57:54', 'Nellie', '2022-08-18 19:36:02', 'Conrad');
insert into article (user_id, title, content, hashtag, created_at, created_by, modified_at, modified_by) values ('id3', 'Maecenas leo odio, condimentum id, luctus nec, molestie sed, justo.', 'Morbi vestibulum, velit id pretium iaculis, diam erat fermentum justo, nec condimentum neque sapien placerat ante.', 'Puce', '2022-06-06 06:39:35', 'Michel', '2022-12-10 14:06:56', 'Frederigo');
insert into article (user_id, title, content, hashtag, created_at, created_by, modified_at, modified_by) values ('id1', 'Proin risus.', 'Integer ac neque.', 'Maroon', '2022-08-09 02:07:42', 'Audie', '2022-10-19 20:07:39', 'Lyell');
insert into article (user_id, title, content, hashtag, created_at, created_by, modified_at, modified_by) values ('id1', 'Duis bibendum, felis sed interdum venenatis, turpis enim blandit mi, in porttitor pede justo eu massa.', 'Cum sociis natoque penatibus et magnis dis parturient montes, nascetur ridiculus mus.', 'Violet', '2022-02-09 14:33:54', 'Elwyn', '2022-08-14 09:32:51', 'Elroy');
insert into article (user_id, title, content, hashtag, created_at, created_by, modified_at, modified_by) values ('id3', 'Fusce posuere felis sed lacus.', 'Lorem ipsum dolor sit amet, consectetuer adipiscing elit.', null, '2022-10-11 20:34:52', 'Krissie', '2022-04-02 18:42:31', 'Sybilla');
insert into article (user_id, title, content, hashtag, created_at, created_by, modified_at, modified_by) values ('id3', 'Ut tellus.', 'Proin risus.', 'Orange', '2022-10-21 05:23:40', 'Web', '2022-11-10 14:44:15', 'Nell');
insert into article (user_id, title, content, hashtag, created_at, created_by, modified_at, modified_by) values ('id1', 'Morbi ut odio.', 'Nunc nisl.', 'Aquamarine', '2021-12-31 07:49:24', 'Lynnea', '2022-10-24 00:05:44', 'Sherman');
insert into article (user_id, title, content, hashtag, created_at, created_by, modified_at, modified_by) values ('id1', 'Nunc nisl.', 'Praesent id massa id nisl venenatis lacinia.', 'Violet', '2022-06-24 13:51:21', 'Clarinda', '2022-12-15 02:04:44', 'Andree');
insert into article (user_id, title, content, hashtag, created_at, created_by, modified_at, modified_by) values ('id3', 'Nullam orci pede, venenatis non, sodales sed, tincidunt eu, felis.', 'Praesent blandit.', 'Purple', '2022-08-10 17:30:38', 'Rickert', '2022-09-23 16:20:05', 'Elisabet');
insert into article (user_id, title, content, hashtag, created_at, created_by, modified_at, modified_by) values ('id1', 'Nulla nisl.', 'In hac habitasse platea dictumst.', 'Yellow', '2022-04-16 18:27:25', 'Ruddy', '2022-05-11 16:36:03', 'Charo');
insert into article (user_id, title, content, hashtag, created_at, created_by, modified_at, modified_by) values ('id3', 'Nullam sit amet turpis elementum ligula vehicula consequat.', 'Morbi vestibulum, velit id pretium iaculis, diam erat fermentum justo, nec condimentum neque sapien placerat ante.', null, '2022-06-08 01:23:25', 'Justino', '2022-05-22 08:48:42', 'Nerta');
insert into article (user_id, title, content, hashtag, created_at, created_by, modified_at, modified_by) values ('id1', 'Mauris lacinia sapien quis libero.', 'Sed ante.', 'Khaki', '2022-05-29 02:35:35', 'Jamesy', '2022-11-06 14:28:34', 'Koral');
insert into article (user_id, title, content, hashtag, created_at, created_by, modified_at, modified_by) values ('id1', 'Curabitur gravida nisi at nibh.', 'Vestibulum ante ipsum primis in faucibus orci luctus et ultrices posuere cubilia Curae; Mauris viverra diam vitae quam.', 'Aquamarine', '2022-02-12 23:52:34', 'Sharia', '2022-10-26 00:05:05', 'Dominga');
insert into article (user_id, title, content, hashtag, created_at, created_by, modified_at, modified_by) values ('id2', 'Lorem ipsum dolor sit amet, consectetuer adipiscing elit.', 'Aliquam sit amet diam in magna bibendum imperdiet.', 'Teal', '2022-02-28 00:44:46', 'De witt', '2022-09-06 02:04:09', 'Tome');
insert into article (user_id, title, content, hashtag, created_at, created_by, modified_at, modified_by) values ('id2', 'Curabitur gravida nisi at nibh.', 'Proin at turpis a pede posuere nonummy.', 'Indigo', '2022-05-14 21:44:12', 'Carena', '2022-06-22 00:34:05', 'Nicolle');
insert into article (user_id, title, content, hashtag, created_at, created_by, modified_at, modified_by) values ('id2', 'Suspendisse ornare consequat lectus.', 'Sed vel enim sit amet nunc viverra dapibus.', null, '2022-07-19 17:27:57', 'Terrijo', '2022-01-16 02:26:17', 'Saunderson');
insert into article (user_id, title, content, hashtag, created_at, created_by, modified_at, modified_by) values ('id1', 'Pellentesque viverra pede ac diam.', 'Cras mi pede, malesuada in, imperdiet et, commodo vulputate, justo.', 'Yellow', '2022-08-02 06:48:43', 'Garrick', '2022-02-14 00:22:01', 'Nikita');
insert into article (user_id, title, content, hashtag, created_at, created_by, modified_at, modified_by) values ('id3', 'In hac habitasse platea dictumst.', 'Integer aliquet, massa id lobortis convallis, tortor risus dapibus augue, vel accumsan tellus nisi eu orci.', 'Orange', '2022-05-09 13:37:56', 'Sherilyn', '2022-04-09 07:59:39', 'Ulrich');
insert into article (user_id, title, content, hashtag, created_at, created_by, modified_at, modified_by) values ('id1', 'Aenean fermentum.', 'Nam congue, risus semper porta volutpat, quam pede lobortis ligula, sit amet eleifend pede libero quis orci.', 'Puce', '2022-01-15 20:34:19', 'Ban', '2022-09-19 03:23:35', 'Georgetta');
insert into article (user_id, title, content, hashtag, created_at, created_by, modified_at, modified_by) values ('id3', 'Etiam faucibus cursus urna.', 'Aenean fermentum.', null, '2022-11-19 14:08:08', 'Deeyn', '2022-01-29 08:34:41', 'Ula');
insert into article (user_id, title, content, hashtag, created_at, created_by, modified_at, modified_by) values ('id1', 'Proin leo odio, porttitor id, consequat in, consequat ut, nulla.', 'Ut at dolor quis odio consequat varius.', 'Turquoise', '2022-07-10 10:18:20', 'Antonin', '2022-04-10 00:34:55', 'Benedick');
insert into article (user_id, title, content, hashtag, created_at, created_by, modified_at, modified_by) values ('id3', 'Maecenas tincidunt lacus at velit.', 'Suspendisse potenti.', 'Maroon', '2022-02-03 16:27:49', 'Dodie', '2022-09-14 10:26:28', 'Benji');
insert into article (user_id, title, content, hashtag, created_at, created_by, modified_at, modified_by) values ('id3', 'Morbi ut odio.', 'In blandit ultrices enim.', 'Yellow', '2022-10-29 20:23:00', 'Vinnie', '2022-11-21 14:37:29', 'Adrea');
insert into article (user_id, title, content, hashtag, created_at, created_by, modified_at, modified_by) values ('id1', 'Integer aliquet, massa id lobortis convallis, tortor risus dapibus augue, vel accumsan tellus nisi eu orci.', 'Morbi quis tortor id nulla ultrices aliquet.', 'Fuscia', '2022-05-16 08:54:30', 'Brewster', '2022-03-24 10:08:16', 'Marj');
insert into article (user_id, title, content, hashtag, created_at, created_by, modified_at, modified_by) values ('id2', 'Nullam molestie nibh in lectus.', 'Duis at velit eu est congue elementum.', 'Fuscia', '2022-10-20 06:41:08', 'Gnni', '2022-07-18 14:48:45', 'Thatch');
insert into article (user_id, title, content, hashtag, created_at, created_by, modified_at, modified_by) values ('id1', 'Vestibulum ac est lacinia nisi venenatis tristique.', 'Phasellus id sapien in sapien iaculis congue.', 'Puce', '2022-07-22 23:19:43', 'Cchaddie', '2022-10-03 18:51:52', 'Rollins');
insert into article (user_id, title, content, hashtag, created_at, created_by, modified_at, modified_by) values ('id2', 'Fusce posuere felis sed lacus.', 'Nunc rhoncus dui vel sem.', 'Maroon', '2022-09-30 00:39:06', 'Avrit', '2022-04-30 02:05:16', 'Margaretta');
insert into article (user_id, title, content, hashtag, created_at, created_by, modified_at, modified_by) values ('id2', 'Praesent blandit.', 'Morbi non lectus.', 'Fuscia', '2022-03-21 05:25:57', 'Iggie', '2022-05-19 07:56:31', 'Nataniel');
insert into article (user_id, title, content, hashtag, created_at, created_by, modified_at, modified_by) values ('id3', 'Maecenas rhoncus aliquam lacus.', 'Fusce consequat.', 'Violet', '2022-08-28 15:22:37', 'Vale', '2022-01-14 10:31:05', 'Mattie');
insert into article (user_id, title, content, hashtag, created_at, created_by, modified_at, modified_by) values ('id1', 'Maecenas tincidunt lacus at velit.', 'In tempor, turpis nec euismod scelerisque, quam turpis adipiscing lorem, vitae mattis nibh ligula nec sem.', 'Turquoise', '2022-07-31 10:21:12', 'Simon', '2022-08-16 14:47:26', 'Jeddy');
insert into article (user_id, title, content, hashtag, created_at, created_by, modified_at, modified_by) values ('id1', 'Maecenas leo odio, condimentum id, luctus nec, molestie sed, justo.', 'Vivamus metus arcu, adipiscing molestie, hendrerit at, vulputate vitae, nisl.', null, '2022-03-29 22:58:35', 'Violante', '2022-08-15 02:58:37', 'Ruby');
insert into article (user_id, title, content, hashtag, created_at, created_by, modified_at, modified_by) values ('id3', 'Nunc nisl.', 'Sed sagittis.', null, '2022-02-09 13:57:57', 'Merissa', '2022-06-06 17:07:41', 'Filbert');
insert into article (user_id, title, content, hashtag, created_at, created_by, modified_at, modified_by) values ('id3', 'Nam congue, risus semper porta volutpat, quam pede lobortis ligula, sit amet eleifend pede libero quis orci.', 'Nullam varius.', null, '2022-08-26 06:47:50', 'Maren', '2022-08-17 00:38:00', 'Lorin');
insert into article (user_id, title, content, hashtag, created_at, created_by, modified_at, modified_by) values ('id3', 'Morbi ut odio.', 'Curabitur in libero ut massa volutpat convallis.', 'Blue', '2022-09-04 20:59:16', 'Reeva', '2022-03-15 04:16:42', 'Melita');
insert into article (user_id, title, content, hashtag, created_at, created_by, modified_at, modified_by) values ('id2', 'Morbi quis tortor id nulla ultrices aliquet.', 'Curabitur convallis.', 'Fuscia', '2022-05-21 03:38:19', 'Branden', '2022-07-04 04:36:00', 'Merralee');
insert into article (user_id, title, content, hashtag, created_at, created_by, modified_at, modified_by) values ('id1', 'Donec ut dolor.', 'Cras mi pede, malesuada in, imperdiet et, commodo vulputate, justo.', null, '2022-12-09 20:07:19', 'Briant', '2022-11-13 11:30:36', 'Sanford');
insert into article (user_id, title, content, hashtag, created_at, created_by, modified_at, modified_by) values ('id2', 'Vestibulum rutrum rutrum neque.', 'Phasellus id sapien in sapien iaculis congue.', 'Turquoise', '2022-10-07 07:13:08', 'Barry', '2022-12-19 15:05:53', 'Elvin');
insert into article (user_id, title, content, hashtag, created_at, created_by, modified_at, modified_by) values ('id1', 'Phasellus in felis.', 'Etiam justo.', 'Orange', '2022-04-26 11:47:35', 'Toiboid', '2022-11-30 08:09:31', 'Berni');

insert into article_comment (article_id, user_id, content, created_at, created_by, modified_at, modified_by) values (102, 'id3', 'Proin leo odio, porttitor id, consequat in, consequat ut, nulla.', '2022-05-23 17:41:58', 'Dylan', '2022-11-23 11:10:18', 'Clint');
insert into article_comment (article_id, user_id, content, created_at, created_by, modified_at, modified_by) values (27, 'id1', 'Vestibulum ac est lacinia nisi venenatis tristique.', '2022-05-25 04:04:11', 'Trstram', '2022-07-09 12:34:24', 'Miner');
insert into article_comment (article_id, user_id, content, created_at, created_by, modified_at, modified_by) values (86, 'id1', 'Curabitur at ipsum ac tellus semper interdum.', '2022-06-22 16:50:59', 'Toma', '2022-07-22 20:50:22', 'Estel');
insert into article_comment (article_id, user_id, content, created_at, created_by, modified_at, modified_by) values (46, 'id1', 'Nulla justo.', '2022-06-27 05:59:43', 'Margo', '2022-03-18 06:32:47', 'Joletta');
insert into article_comment (article_id, user_id, content, created_at, created_by, modified_at, modified_by) values (15, 'id1', 'Nulla justo.', '2022-10-15 09:59:48', 'Addie', '2022-09-01 10:46:27', 'Dominick');
insert into article_comment (article_id, user_id, content, created_at, created_by, modified_at, modified_by) values (15, 'id2', 'Donec quis orci eget orci vehicula condimentum.', '2022-07-12 16:58:57', 'Koralle', '2022-02-23 12:34:28', 'Miriam');
insert into article_comment (article_id, user_id, content, created_at, created_by, modified_at, modified_by) values (52, 'id1', 'Aliquam sit amet diam in magna bibendum imperdiet.', '2022-09-06 01:42:24', 'Juliette', '2022-09-04 07:31:00', 'Murdock');
insert into article_comment (article_id, user_id, content, created_at, created_by, modified_at, modified_by) values (62, 'id3', 'Morbi odio odio, elementum eu, interdum eu, tincidunt in, leo.', '2022-11-06 15:05:10', 'Marwin', '2022-07-15 14:26:21', 'Walt');
insert into article_comment (article_id, user_id, content, created_at, created_by, modified_at, modified_by) values (1, 'id1', 'Nullam porttitor lacus at turpis.', '2022-01-23 02:06:59', 'Rockie', '2022-07-12 05:24:30', 'Zachary');
insert into article_comment (article_id, user_id, content, created_at, created_by, modified_at, modified_by) values (97, 'id3', 'Cras non velit nec nisi vulputate nonummy.', '2022-06-22 16:12:21', 'Kelsy', '2022-02-15 15:46:57', 'Laurella');
insert into article_comment (article_id, user_id, content, created_at, created_by, modified_at, modified_by) values (88, 'id1', 'Vivamus in felis eu sapien cursus vestibulum.', '2022-09-30 07:40:56', 'Lainey', '2022-09-04 19:34:14', 'Tammy');
insert into article_comment (article_id, user_id, content, created_at, created_by, modified_at, modified_by) values (54, 'id3', 'Nullam varius.', '2022-07-05 18:36:48', 'Abagael', '2022-04-02 00:43:09', 'Petronia');
insert into article_comment (article_id, user_id, content, created_at, created_by, modified_at, modified_by) values (30, 'id1', 'Curabitur gravida nisi at nibh.', '2022-08-19 08:46:28', 'Susana', '2022-02-05 15:58:13', 'Raymund');
insert into article_comment (article_id, user_id, content, created_at, created_by, modified_at, modified_by) values (40, 'id2', 'Aliquam quis turpis eget elit sodales scelerisque.', '2022-06-15 20:20:43', 'Ivy', '2022-03-26 18:17:25', 'Mikaela');
insert into article_comment (article_id, user_id, content, created_at, created_by, modified_at, modified_by) values (23, 'id3', 'Maecenas tincidunt lacus at velit.', '2022-01-15 00:17:28', 'Bobina', '2022-10-18 19:38:58', 'Gilly');
insert into article_comment (article_id, user_id, content, created_at, created_by, modified_at, modified_by) values (102, 'id1', 'Vestibulum ac est lacinia nisi venenatis tristique.', '2022-02-08 04:33:20', 'Berta', '2022-02-28 02:20:56', 'Haydon');
insert into article_comment (article_id, user_id, content, created_at, created_by, modified_at, modified_by) values (38, 'id2', 'Pellentesque eget nunc.', '2022-04-15 13:53:59', 'Ross', '2022-06-29 22:30:33', 'Brandon');
insert into article_comment (article_id, user_id, content, created_at, created_by, modified_at, modified_by) values (6, 'id2', 'Nulla ut erat id mauris vulputate elementum.', '2022-08-14 03:44:28', 'Frederigo', '2022-05-16 02:09:36', 'Dion');
insert into article_comment (article_id, user_id, content, created_at, created_by, modified_at, modified_by) values (103, 'id1', 'Cras in purus eu magna vulputate luctus.', '2022-09-16 19:21:09', 'Anne', '2022-12-20 05:56:24', 'Norma');
insert into article_comment (article_id, user_id, content, created_at, created_by, modified_at, modified_by) values (18, 'id3', 'Curabitur at ipsum ac tellus semper interdum.', '2022-10-22 07:42:04', 'Ring', '2022-08-28 06:54:50', 'Carola');
insert into article_comment (article_id, user_id, content, created_at, created_by, modified_at, modified_by) values (30, 'id1', 'Nam ultrices, libero non mattis pulvinar, nulla pede ullamcorper augue, a suscipit nulla elit ac nulla.', '2022-05-16 16:56:51', 'Tedman', '2022-11-19 20:31:17', 'Gordy');
insert into article_comment (article_id, user_id, content, created_at, created_by, modified_at, modified_by) values (42, 'id2', 'Donec ut dolor.', '2022-06-15 17:42:55', 'Wally', '2022-12-26 04:32:25', 'Cristin');
insert into article_comment (article_id, user_id, content, created_at, created_by, modified_at, modified_by) values (117, 'id1', 'Nullam molestie nibh in lectus.', '2022-04-06 16:11:15', 'Eba', '2022-02-17 02:16:30', 'Allyn');
insert into article_comment (article_id, user_id, content, created_at, created_by, modified_at, modified_by) values (16, 'id2', 'Donec ut mauris eget massa tempor convallis.', '2022-12-15 17:49:35', 'Jone', '2022-12-18 11:17:02', 'Darryl');
insert into article_comment (article_id, user_id, content, created_at, created_by, modified_at, modified_by) values (6, 'id3', 'Sed accumsan felis.', '2022-07-11 12:27:03', 'Zarah', '2022-10-30 22:30:40', 'Braden');
insert into article_comment (article_id, user_id, content, created_at, created_by, modified_at, modified_by) values (24, 'id3', 'Etiam vel augue.', '2022-04-04 02:07:29', 'Alyosha', '2022-02-05 13:09:21', 'Merci');
insert into article_comment (article_id, user_id, content, created_at, created_by, modified_at, modified_by) values (22, 'id1', 'In quis justo.', '2022-11-06 15:06:18', 'Arie', '2022-04-10 05:43:17', 'Doria');
insert into article_comment (article_id, user_id, content, created_at, created_by, modified_at, modified_by) values (8, 'id2', 'Etiam justo.', '2022-09-06 10:05:23', 'Ulrich', '2022-12-13 12:32:17', 'Ramonda');
insert into article_comment (article_id, user_id, content, created_at, created_by, modified_at, modified_by) values (119, 'id3', 'Cras non velit nec nisi vulputate nonummy.', '2022-09-22 08:18:49', 'Caryl', '2022-01-31 02:10:00', 'Adham');
insert into article_comment (article_id, user_id, content, created_at, created_by, modified_at, modified_by) values (113, 'id1', 'Maecenas rhoncus aliquam lacus.', '2022-12-19 13:49:18', 'Stearn', '2022-05-08 11:10:25', 'Minta');
insert into article_comment (article_id, user_id, content, created_at, created_by, modified_at, modified_by) values (38, 'id2', 'Maecenas leo odio, condimentum id, luctus nec, molestie sed, justo.', '2022-11-03 14:04:36', 'Niles', '2022-09-13 14:36:08', 'Oliver');
insert into article_comment (article_id, user_id, content, created_at, created_by, modified_at, modified_by) values (31, 'id1', 'Donec odio justo, sollicitudin ut, suscipit a, feugiat et, eros.', '2022-04-29 00:15:02', 'Alexandre', '2022-10-03 07:51:47', 'Averill');
insert into article_comment (article_id, user_id, content, created_at, created_by, modified_at, modified_by) values (4, 'id2', 'Vivamus in felis eu sapien cursus vestibulum.', '2022-06-03 09:13:38', 'Raeann', '2022-11-24 03:00:29', 'Godfry');
insert into article_comment (article_id, user_id, content, created_at, created_by, modified_at, modified_by) values (15, 'id3', 'Morbi quis tortor id nulla ultrices aliquet.', '2022-12-01 20:01:22', 'Korry', '2022-09-26 16:17:31', 'Pattin');
insert into article_comment (article_id, user_id, content, created_at, created_by, modified_at, modified_by) values (114, 'id1', 'Nulla tempus.', '2022-01-29 05:36:27', 'Bernardine', '2021-12-31 01:59:31', 'Nadeen');
insert into article_comment (article_id, user_id, content, created_at, created_by, modified_at, modified_by) values (79, 'id3', 'Nulla mollis molestie lorem.', '2022-03-27 03:44:35', 'Sal', '2022-02-18 00:58:29', 'Merrill');
insert into article_comment (article_id, user_id, content, created_at, created_by, modified_at, modified_by) values (24, 'id3', 'Fusce lacus purus, aliquet at, feugiat non, pretium quis, lectus.', '2022-06-03 18:35:47', 'Milli', '2022-06-01 19:43:07', 'Shawn');
insert into article_comment (article_id, user_id, content, created_at, created_by, modified_at, modified_by) values (58, 'id3', 'Duis aliquam convallis nunc.', '2022-06-15 12:24:12', 'Shanna', '2022-08-20 08:59:14', 'Ayn');
insert into article_comment (article_id, user_id, content, created_at, created_by, modified_at, modified_by) values (55, 'id2', 'Nullam varius.', '2022-02-27 08:44:40', 'Fallon', '2022-10-05 10:07:14', 'Alix');
insert into article_comment (article_id, user_id, content, created_at, created_by, modified_at, modified_by) values (80, 'id1', 'Maecenas tincidunt lacus at velit.', '2022-07-17 00:33:45', 'Tony', '2022-09-11 03:00:49', 'Joleen');
insert into article_comment (article_id, user_id, content, created_at, created_by, modified_at, modified_by) values (55, 'id1', 'Fusce posuere felis sed lacus.', '2021-12-30 07:20:13', 'Frederik', '2022-08-12 11:08:01', 'Corene');
insert into article_comment (article_id, user_id, content, created_at, created_by, modified_at, modified_by) values (53, 'id1', 'Curabitur in libero ut massa volutpat convallis.', '2022-08-14 23:42:21', 'Sabra', '2022-04-13 04:30:59', 'Colin');
insert into article_comment (article_id, user_id, content, created_at, created_by, modified_at, modified_by) values (73, 'id2', 'Duis aliquam convallis nunc.', '2022-10-11 03:55:36', 'Jessey', '2022-05-27 01:49:36', 'Guthrie');
insert into article_comment (article_id, user_id, content, created_at, created_by, modified_at, modified_by) values (75, 'id2', 'Nullam molestie nibh in lectus.', '2022-02-18 05:02:01', 'Cybill', '2022-04-11 18:32:23', 'Janka');
insert into article_comment (article_id, user_id, content, created_at, created_by, modified_at, modified_by) values (44, 'id2', 'Praesent lectus.', '2022-08-25 11:05:46', 'Hagen', '2022-03-18 10:51:49', 'Vin');
insert into article_comment (article_id, user_id, content, created_at, created_by, modified_at, modified_by) values (96, 'id2', 'Duis bibendum.', '2022-08-27 21:37:59', 'Rici', '2022-06-27 17:27:55', 'Barrie');
insert into article_comment (article_id, user_id, content, created_at, created_by, modified_at, modified_by) values (18, 'id1', 'Cras non velit nec nisi vulputate nonummy.', '2022-11-07 18:05:46', 'Esmeralda', '2022-12-06 23:26:21', 'Maggie');
insert into article_comment (article_id, user_id, content, created_at, created_by, modified_at, modified_by) values (90, 'id3', 'Proin leo odio, porttitor id, consequat in, consequat ut, nulla.', '2022-03-01 09:35:50', 'Willard', '2022-01-12 17:47:39', 'Bebe');
insert into article_comment (article_id, user_id, content, created_at, created_by, modified_at, modified_by) values (53, 'id3', 'Aliquam augue quam, sollicitudin vitae, consectetuer eget, rutrum at, lorem.', '2022-05-05 22:26:10', 'Wait', '2022-01-16 15:22:00', 'Feliks');
insert into article_comment (article_id, user_id, content, created_at, created_by, modified_at, modified_by) values (37, 'id2', 'Quisque porta volutpat erat.', '2022-08-03 20:19:57', 'Forester', '2022-04-20 10:40:23', 'Janette');
insert into article_comment (article_id, user_id, content, created_at, created_by, modified_at, modified_by) values (113, 'id1', 'Proin at turpis a pede posuere nonummy.', '2022-06-14 23:30:00', 'Kordula', '2022-06-08 04:56:30', 'Darell');
insert into article_comment (article_id, user_id, content, created_at, created_by, modified_at, modified_by) values (50, 'id1', 'Morbi ut odio.', '2022-08-26 15:01:14', 'Delila', '2022-09-01 00:12:44', 'Carce');
insert into article_comment (article_id, user_id, content, created_at, created_by, modified_at, modified_by) values (110, 'id3', 'Morbi sem mauris, laoreet ut, rhoncus aliquet, pulvinar sed, nisl.', '2022-08-19 10:57:47', 'Waldemar', '2022-04-06 17:07:36', 'Bethany');
insert into article_comment (article_id, user_id, content, created_at, created_by, modified_at, modified_by) values (122, 'id3', 'Fusce congue, diam id ornare imperdiet, sapien urna pretium nisl, ut volutpat sapien arcu sed augue.', '2022-06-16 17:46:43', 'Devy', '2022-09-15 13:02:48', 'Juline');
insert into article_comment (article_id, user_id, content, created_at, created_by, modified_at, modified_by) values (63, 'id3', 'Nulla tempus.', '2022-07-14 04:30:36', 'Sarette', '2022-04-01 04:23:18', 'Keelby');
insert into article_comment (article_id, user_id, content, created_at, created_by, modified_at, modified_by) values (43, 'id1', 'Nam nulla.', '2022-03-05 19:39:08', 'Farand', '2022-02-16 13:45:18', 'Harli');
insert into article_comment (article_id, user_id, content, created_at, created_by, modified_at, modified_by) values (76, 'id3', 'Maecenas tincidunt lacus at velit.', '2022-11-25 04:06:49', 'Agnese', '2022-03-13 16:22:40', 'Maxie');
insert into article_comment (article_id, user_id, content, created_at, created_by, modified_at, modified_by) values (102, 'id1', 'In hac habitasse platea dictumst.', '2022-10-16 00:22:30', 'Urbanus', '2022-02-09 05:20:13', 'Hamish');
insert into article_comment (article_id, user_id, content, created_at, created_by, modified_at, modified_by) values (28, 'id2', 'Maecenas pulvinar lobortis est.', '2021-12-28 08:50:37', 'Marcellina', '2022-04-13 18:43:24', 'Jonas');
insert into article_comment (article_id, user_id, content, created_at, created_by, modified_at, modified_by) values (76, 'id3', 'In hac habitasse platea dictumst.', '2022-11-13 13:35:48', 'Arri', '2022-07-31 16:21:30', 'Marcellus');
insert into article_comment (article_id, user_id, content, created_at, created_by, modified_at, modified_by) values (78, 'id1', 'Maecenas ut massa quis augue luctus tincidunt.', '2022-04-14 18:50:56', 'Millard', '2022-09-18 13:34:37', 'Fae');
insert into article_comment (article_id, user_id, content, created_at, created_by, modified_at, modified_by) values (98, 'id3', 'Nunc rhoncus dui vel sem.', '2022-02-08 23:19:00', 'Odelia', '2022-01-24 10:33:18', 'Jessie');
insert into article_comment (article_id, user_id, content, created_at, created_by, modified_at, modified_by) values (35, 'id3', 'Aenean auctor gravida sem.', '2022-05-17 12:20:33', 'Ayn', '2022-12-14 14:01:40', 'Corry');
insert into article_comment (article_id, user_id, content, created_at, created_by, modified_at, modified_by) values (2, 'id1', 'Vestibulum ac est lacinia nisi venenatis tristique.', '2022-09-06 01:29:49', 'Court', '2022-11-09 08:29:08', 'Karole');
insert into article_comment (article_id, user_id, content, created_at, created_by, modified_at, modified_by) values (61, 'id2', 'Vestibulum ante ipsum primis in faucibus orci luctus et ultrices posuere cubilia Curae; Nulla dapibus dolor vel est.', '2022-08-30 06:24:11', 'Jo ann', '2022-06-10 20:40:07', 'Fernandina');
insert into article_comment (article_id, user_id, content, created_at, created_by, modified_at, modified_by) values (110, 'id1', 'Vestibulum ac est lacinia nisi venenatis tristique.', '2022-05-25 15:52:16', 'Glennie', '2022-01-03 16:19:24', 'Guinna');
insert into article_comment (article_id, user_id, content, created_at, created_by, modified_at, modified_by) values (26, 'id3', 'Aenean fermentum.', '2022-02-17 10:48:25', 'Sonia', '2022-11-20 05:12:39', 'Natalee');
insert into article_comment (article_id, user_id, content, created_at, created_by, modified_at, modified_by) values (45, 'id3', 'Donec semper sapien a libero.', '2022-08-04 00:55:38', 'Hill', '2022-08-08 07:22:29', 'Dayna');
insert into article_comment (article_id, user_id, content, created_at, created_by, modified_at, modified_by) values (59, 'id3', 'Nulla neque libero, convallis eget, eleifend luctus, ultricies eu, nibh.', '2022-11-24 09:54:47', 'Sela', '2021-12-27 23:50:35', 'Gratiana');
insert into article_comment (article_id, user_id, content, created_at, created_by, modified_at, modified_by) values (63, 'id3', 'Integer non velit.', '2022-02-10 23:54:58', 'Hilliard', '2022-07-22 02:12:49', 'Cesare');
insert into article_comment (article_id, user_id, content, created_at, created_by, modified_at, modified_by) values (25, 'id1', 'Maecenas leo odio, condimentum id, luctus nec, molestie sed, justo.', '2022-08-06 12:58:06', 'Ilise', '2022-03-12 17:57:13', 'Parker');
insert into article_comment (article_id, user_id, content, created_at, created_by, modified_at, modified_by) values (33, 'id1', 'Etiam vel augue.', '2022-09-09 06:02:35', 'Analiese', '2022-04-25 14:31:33', 'Casey');
insert into article_comment (article_id, user_id, content, created_at, created_by, modified_at, modified_by) values (55, 'id1', 'Donec semper sapien a libero.', '2022-04-25 11:43:45', 'Drugi', '2022-02-24 03:38:58', 'Elsworth');
insert into article_comment (article_id, user_id, content, created_at, created_by, modified_at, modified_by) values (67, 'id1', 'Praesent lectus.', '2022-05-07 18:29:28', 'Gawen', '2022-11-10 16:32:27', 'Flossi');
insert into article_comment (article_id, user_id, content, created_at, created_by, modified_at, modified_by) values (17, 'id1', 'Etiam faucibus cursus urna.', '2022-05-15 21:42:11', 'Karney', '2022-01-29 17:07:14', 'Reynard');
insert into article_comment (article_id, user_id, content, created_at, created_by, modified_at, modified_by) values (23, 'id1', 'Vestibulum quam sapien, varius ut, blandit non, interdum in, ante.', '2022-07-29 15:02:48', 'Karalynn', '2022-06-10 02:55:29', 'Drucy');
insert into article_comment (article_id, user_id, content, created_at, created_by, modified_at, modified_by) values (11, 'id1', 'Morbi a ipsum.', '2022-01-26 06:45:16', 'Leigh', '2022-01-03 16:37:53', 'Nicoline');
insert into article_comment (article_id, user_id, content, created_at, created_by, modified_at, modified_by) values (29, 'id2', 'Morbi quis tortor id nulla ultrices aliquet.', '2022-10-25 16:26:16', 'Tommy', '2022-06-10 12:52:49', 'Ruprecht');
insert into article_comment (article_id, user_id, content, created_at, created_by, modified_at, modified_by) values (70, 'id3', 'Ut at dolor quis odio consequat varius.', '2022-11-13 08:01:51', 'Morlee', '2022-12-21 22:42:50', 'Angel');
insert into article_comment (article_id, user_id, content, created_at, created_by, modified_at, modified_by) values (5, 'id1', 'Proin at turpis a pede posuere nonummy.', '2022-10-05 12:05:47', 'Even', '2022-09-18 07:38:35', 'Corri');
insert into article_comment (article_id, user_id, content, created_at, created_by, modified_at, modified_by) values (24, 'id1', 'Nam dui.', '2022-08-27 17:30:14', 'Veronique', '2022-01-19 14:00:44', 'Bradford');
insert into article_comment (article_id, user_id, content, created_at, created_by, modified_at, modified_by) values (55, 'id1', 'Duis aliquam convallis nunc.', '2022-01-01 04:47:35', 'Briny', '2022-01-24 20:16:51', 'Shari');
insert into article_comment (article_id, user_id, content, created_at, created_by, modified_at, modified_by) values (112, 'id2', 'Cum sociis natoque penatibus et magnis dis parturient montes, nascetur ridiculus mus.', '2022-12-02 07:32:53', 'Krissie', '2022-01-19 22:02:36', 'Saundra');
insert into article_comment (article_id, user_id, content, created_at, created_by, modified_at, modified_by) values (67, 'id3', 'Praesent lectus.', '2022-05-14 17:46:33', 'Grace', '2022-11-04 20:15:20', 'Mace');
insert into article_comment (article_id, user_id, content, created_at, created_by, modified_at, modified_by) values (24, 'id3', 'Suspendisse potenti.', '2022-09-10 23:08:47', 'Amory', '2022-11-02 23:00:21', 'Reinwald');
insert into article_comment (article_id, user_id, content, created_at, created_by, modified_at, modified_by) values (14, 'id3', 'Nam dui.', '2022-04-18 00:10:21', 'Wells', '2022-07-09 13:00:11', 'Clarabelle');
insert into article_comment (article_id, user_id, content, created_at, created_by, modified_at, modified_by) values (70, 'id2', 'Vivamus vestibulum sagittis sapien.', '2022-08-07 19:44:02', 'Shelbi', '2022-07-13 18:49:17', 'Ax');
insert into article_comment (article_id, user_id, content, created_at, created_by, modified_at, modified_by) values (12, 'id1', 'In hac habitasse platea dictumst.', '2022-03-21 21:43:16', 'Gabriell', '2022-01-05 18:44:47', 'Helli');
insert into article_comment (article_id, user_id, content, created_at, created_by, modified_at, modified_by) values (120, 'id3', 'Etiam vel augue.', '2022-03-22 10:58:19', 'Alyson', '2022-11-17 04:10:08', 'Drucie');
insert into article_comment (article_id, user_id, content, created_at, created_by, modified_at, modified_by) values (19, 'id2', 'In eleifend quam a odio.', '2022-03-19 23:44:26', 'Boote', '2022-11-24 11:45:35', 'Christy');
insert into article_comment (article_id, user_id, content, created_at, created_by, modified_at, modified_by) values (74, 'id1', 'Sed accumsan felis.', '2022-07-30 04:51:48', 'Mina', '2022-02-26 16:03:06', 'Tyrus');
insert into article_comment (article_id, user_id, content, created_at, created_by, modified_at, modified_by) values (24, 'id2', 'Lorem ipsum dolor sit amet, consectetuer adipiscing elit.', '2022-05-05 04:40:28', 'Heath', '2022-07-22 10:39:11', 'Devonne');
insert into article_comment (article_id, user_id, content, created_at, created_by, modified_at, modified_by) values (81, 'id3', 'Morbi ut odio.', '2022-12-04 23:24:13', 'Trenton', '2022-10-18 16:32:16', 'Phillipp');
insert into article_comment (article_id, user_id, content, created_at, created_by, modified_at, modified_by) values (47, 'id3', 'Maecenas ut massa quis augue luctus tincidunt.', '2022-09-09 12:35:09', 'Baldwin', '2022-12-06 00:01:02', 'Shelly');
insert into article_comment (article_id, user_id, content, created_at, created_by, modified_at, modified_by) values (62, 'id3', 'Nulla facilisi.', '2022-10-31 00:10:40', 'Filbert', '2022-09-08 22:16:53', 'Umberto');
insert into article_comment (article_id, user_id, content, created_at, created_by, modified_at, modified_by) values (114, 'id3', 'Mauris lacinia sapien quis libero.', '2022-04-12 02:09:39', 'Vinson', '2022-02-12 09:33:17', 'Miles');
insert into article_comment (article_id, user_id, content, created_at, created_by, modified_at, modified_by) values (69, 'id3', 'Phasellus in felis.', '2022-03-22 09:23:14', 'Ricky', '2022-07-17 02:11:45', 'Gennie');
insert into article_comment (article_id, user_id, content, created_at, created_by, modified_at, modified_by) values (82, 'id1', 'Morbi vestibulum, velit id pretium iaculis, diam erat fermentum justo, nec condimentum neque sapien placerat ante.', '2022-06-25 08:31:37', 'Trever', '2022-05-09 01:19:00', 'Merline');
insert into article_comment (article_id, user_id, content, created_at, created_by, modified_at, modified_by) values (37, 'id1', 'Curabitur at ipsum ac tellus semper interdum.', '2022-12-15 17:09:59', 'Jessika', '2022-09-27 18:30:41', 'Erin');
insert into article_comment (article_id, user_id, content, created_at, created_by, modified_at, modified_by) values (43, 'id2', 'Curabitur at ipsum ac tellus semper interdum.', '2022-02-19 20:51:29', 'Audrie', '2022-09-04 23:02:35', 'Jorrie');
insert into article_comment (article_id, user_id, content, created_at, created_by, modified_at, modified_by) values (25, 'id2', 'In eleifend quam a odio.', '2022-05-06 06:24:53', 'Izaak', '2022-08-25 07:24:31', 'Dino');
insert into article_comment (article_id, user_id, content, created_at, created_by, modified_at, modified_by) values (36, 'id3', 'Suspendisse accumsan tortor quis turpis.', '2022-03-15 07:45:50', 'Martina', '2022-08-26 03:14:45', 'Munmro');
insert into article_comment (article_id, user_id, content, created_at, created_by, modified_at, modified_by) values (97, 'id3', 'In congue.', '2022-07-27 22:31:47', 'Malinda', '2022-04-18 03:49:52', 'Ulla');
insert into article_comment (article_id, user_id, content, created_at, created_by, modified_at, modified_by) values (27, 'id3', 'In quis justo.', '2022-08-19 23:07:42', 'Michele', '2022-06-25 22:49:37', 'Dell');
insert into article_comment (article_id, user_id, content, created_at, created_by, modified_at, modified_by) values (103, 'id1', 'Morbi a ipsum.', '2022-09-16 20:28:05', 'Margret', '2022-08-06 09:13:08', 'Odessa');
insert into article_comment (article_id, user_id, content, created_at, created_by, modified_at, modified_by) values (83, 'id3', 'Aliquam non mauris.', '2022-08-30 11:33:16', 'Gisella', '2022-02-03 15:22:57', 'Teressa');
insert into article_comment (article_id, user_id, content, created_at, created_by, modified_at, modified_by) values (67, 'id3', 'Quisque erat eros, viverra eget, congue eget, semper rutrum, nulla.', '2022-08-12 21:55:39', 'Lissie', '2022-07-14 00:56:26', 'Arch');
insert into article_comment (article_id, user_id, content, created_at, created_by, modified_at, modified_by) values (6, 'id3', 'Pellentesque eget nunc.', '2022-12-26 05:08:47', 'Verne', '2022-02-25 18:42:18', 'Nikolia');
insert into article_comment (article_id, user_id, content, created_at, created_by, modified_at, modified_by) values (85, 'id2', 'Morbi vestibulum, velit id pretium iaculis, diam erat fermentum justo, nec condimentum neque sapien placerat ante.', '2022-11-05 23:04:32', 'Kellen', '2022-06-10 02:15:21', 'Hyman');
insert into article_comment (article_id, user_id, content, created_at, created_by, modified_at, modified_by) values (97, 'id2', 'Duis mattis egestas metus.', '2022-10-31 04:01:21', 'Casper', '2022-11-04 03:25:44', 'Bryanty');
insert into article_comment (article_id, user_id, content, created_at, created_by, modified_at, modified_by) values (122, 'id2', 'Vestibulum ante ipsum primis in faucibus orci luctus et ultrices posuere cubilia Curae; Duis faucibus accumsan odio.', '2022-02-13 11:24:28', 'Kalindi', '2022-12-24 11:21:07', 'Lorin');
insert into article_comment (article_id, user_id, content, created_at, created_by, modified_at, modified_by) values (24, 'id2', 'Suspendisse accumsan tortor quis turpis.', '2022-06-22 11:10:50', 'Filide', '2022-05-04 13:31:50', 'Bradney');
insert into article_comment (article_id, user_id, content, created_at, created_by, modified_at, modified_by) values (38, 'id1', 'Integer a nibh.', '2022-01-24 04:32:46', 'Patrizia', '2022-07-25 01:35:10', 'Clarisse');
insert into article_comment (article_id, user_id, content, created_at, created_by, modified_at, modified_by) values (18, 'id2', 'Vestibulum ante ipsum primis in faucibus orci luctus et ultrices posuere cubilia Curae; Mauris viverra diam vitae quam.', '2022-02-13 02:08:27', 'Coralie', '2022-05-17 08:21:36', 'Chandal');
insert into article_comment (article_id, user_id, content, created_at, created_by, modified_at, modified_by) values (122, 'id1', 'Cum sociis natoque penatibus et magnis dis parturient montes, nascetur ridiculus mus.', '2022-05-28 14:57:54', 'Jock', '2022-09-02 15:09:30', 'Melloney');
insert into article_comment (article_id, user_id, content, created_at, created_by, modified_at, modified_by) values (111, 'id3', 'Pellentesque eget nunc.', '2022-10-09 05:35:11', 'Spike', '2022-01-08 17:31:50', 'Zita');
insert into article_comment (article_id, user_id, content, created_at, created_by, modified_at, modified_by) values (73, 'id2', 'Phasellus in felis.', '2022-04-04 02:43:41', 'Jamey', '2022-04-11 17:13:32', 'Rebecca');
insert into article_comment (article_id, user_id, content, created_at, created_by, modified_at, modified_by) values (35, 'id1', 'Morbi odio odio, elementum eu, interdum eu, tincidunt in, leo.', '2022-03-28 23:49:52', 'Pansie', '2022-12-12 21:03:12', 'Wenonah');
insert into article_comment (article_id, user_id, content, created_at, created_by, modified_at, modified_by) values (50, 'id1', 'Sed ante.', '2022-03-31 02:14:41', 'Pansie', '2022-07-16 14:30:17', 'Toddy');
insert into article_comment (article_id, user_id, content, created_at, created_by, modified_at, modified_by) values (9, 'id3', 'Duis ac nibh.', '2022-12-08 16:16:59', 'Doug', '2022-04-10 06:54:22', 'Kellie');
insert into article_comment (article_id, user_id, content, created_at, created_by, modified_at, modified_by) values (77, 'id3', 'Nunc rhoncus dui vel sem.', '2022-01-05 03:16:43', 'Berne', '2022-10-02 00:47:49', 'Bentlee');
insert into article_comment (article_id, user_id, content, created_at, created_by, modified_at, modified_by) values (23, 'id3', 'Suspendisse ornare consequat lectus.', '2022-08-20 01:13:16', 'Hernando', '2022-10-14 19:06:19', 'Brier');
insert into article_comment (article_id, user_id, content, created_at, created_by, modified_at, modified_by) values (112, 'id1', 'Pellentesque viverra pede ac diam.', '2022-10-17 12:31:33', 'Laure', '2022-02-17 00:39:02', 'Scarface');
insert into article_comment (article_id, user_id, content, created_at, created_by, modified_at, modified_by) values (106, 'id3', 'Praesent blandit lacinia erat.', '2022-12-15 19:30:07', 'Arney', '2022-06-22 10:58:42', 'Margarete');
insert into article_comment (article_id, user_id, content, created_at, created_by, modified_at, modified_by) values (93, 'id2', 'Maecenas ut massa quis augue luctus tincidunt.', '2022-10-25 17:58:54', 'Germayne', '2022-04-18 23:08:06', 'Holt');
insert into article_comment (article_id, user_id, content, created_at, created_by, modified_at, modified_by) values (27, 'id2', 'In blandit ultrices enim.', '2022-01-01 17:39:12', 'Shelagh', '2022-02-08 09:36:04', 'Job');
insert into article_comment (article_id, user_id, content, created_at, created_by, modified_at, modified_by) values (61, 'id3', 'Donec dapibus.', '2022-10-13 03:34:07', 'Norry', '2022-09-30 00:38:03', 'Bengt');
insert into article_comment (article_id, user_id, content, created_at, created_by, modified_at, modified_by) values (44, 'id3', 'Etiam vel augue.', '2022-03-16 00:42:35', 'Kitty', '2022-03-24 19:51:21', 'Cathe');
insert into article_comment (article_id, user_id, content, created_at, created_by, modified_at, modified_by) values (81, 'id3', 'In tempor, turpis nec euismod scelerisque, quam turpis adipiscing lorem, vitae mattis nibh ligula nec sem.', '2022-09-09 23:10:37', 'Maison', '2022-10-14 15:43:21', 'Bonita');
insert into article_comment (article_id, user_id, content, created_at, created_by, modified_at, modified_by) values (102, 'id3', 'Pellentesque viverra pede ac diam.', '2022-08-29 07:30:31', 'Anderea', '2022-09-11 13:26:25', 'Basile');
insert into article_comment (article_id, user_id, content, created_at, created_by, modified_at, modified_by) values (122, 'id1', 'Donec semper sapien a libero.', '2022-11-26 04:37:22', 'Claudianus', '2022-06-12 22:20:35', 'Jon');
insert into article_comment (article_id, user_id, content, created_at, created_by, modified_at, modified_by) values (97, 'id3', 'Nullam porttitor lacus at turpis.', '2022-03-19 08:54:35', 'Rochella', '2022-03-10 22:34:14', 'Violante');
insert into article_comment (article_id, user_id, content, created_at, created_by, modified_at, modified_by) values (95, 'id1', 'Proin risus.', '2022-09-25 14:05:18', 'Alexei', '2022-09-28 18:04:45', 'Sigismondo');
insert into article_comment (article_id, user_id, content, created_at, created_by, modified_at, modified_by) values (13, 'id1', 'Morbi porttitor lorem id ligula.', '2022-07-15 04:02:05', 'Nerissa', '2022-03-08 04:51:40', 'Stuart');
insert into article_comment (article_id, user_id, content, created_at, created_by, modified_at, modified_by) values (2, 'id3', 'Maecenas ut massa quis augue luctus tincidunt.', '2022-11-13 08:32:42', 'Henri', '2022-05-07 13:40:10', 'Magdalene');
insert into article_comment (article_id, user_id, content, created_at, created_by, modified_at, modified_by) values (67, 'id1', 'Donec vitae nisi.', '2022-10-11 09:56:24', 'Dania', '2022-10-12 18:11:43', 'Jannel');
insert into article_comment (article_id, user_id, content, created_at, created_by, modified_at, modified_by) values (30, 'id3', 'Aliquam sit amet diam in magna bibendum imperdiet.', '2022-05-05 12:45:02', 'Clara', '2022-04-20 09:49:22', 'Noni');
insert into article_comment (article_id, user_id, content, created_at, created_by, modified_at, modified_by) values (91, 'id2', 'Praesent lectus.', '2022-07-22 22:47:47', 'Sonya', '2022-06-10 19:12:04', 'Shawn');
insert into article_comment (article_id, user_id, content, created_at, created_by, modified_at, modified_by) values (112, 'id1', 'Curabitur gravida nisi at nibh.', '2022-01-08 00:54:59', 'Adolpho', '2022-10-20 09:29:51', 'Nefen');
insert into article_comment (article_id, user_id, content, created_at, created_by, modified_at, modified_by) values (92, 'id2', 'Morbi sem mauris, laoreet ut, rhoncus aliquet, pulvinar sed, nisl.', '2022-03-22 09:59:40', 'Arleta', '2022-11-20 19:04:55', 'Jessie');
insert into article_comment (article_id, user_id, content, created_at, created_by, modified_at, modified_by) values (22, 'id1', 'Etiam pretium iaculis justo.', '2022-07-04 01:30:42', 'Jana', '2022-05-05 04:40:31', 'Hobie');
insert into article_comment (article_id, user_id, content, created_at, created_by, modified_at, modified_by) values (30, 'id2', 'Duis consequat dui nec nisi volutpat eleifend.', '2022-12-24 23:49:27', 'Ariel', '2022-08-26 14:15:48', 'Carri');
insert into article_comment (article_id, user_id, content, created_at, created_by, modified_at, modified_by) values (116, 'id2', 'Nam congue, risus semper porta volutpat, quam pede lobortis ligula, sit amet eleifend pede libero quis orci.', '2022-04-11 00:54:06', 'Tersina', '2022-03-05 05:38:32', 'Conni');
insert into article_comment (article_id, user_id, content, created_at, created_by, modified_at, modified_by) values (104, 'id2', 'Mauris lacinia sapien quis libero.', '2022-06-01 21:05:57', 'Jarred', '2022-01-30 16:14:46', 'Kristo');
insert into article_comment (article_id, user_id, content, created_at, created_by, modified_at, modified_by) values (68, 'id3', 'In hac habitasse platea dictumst.', '2022-11-22 14:16:07', 'Conan', '2022-06-07 19:40:59', 'Odo');
insert into article_comment (article_id, user_id, content, created_at, created_by, modified_at, modified_by) values (91, 'id3', 'Mauris lacinia sapien quis libero.', '2022-01-24 09:31:14', 'Cheri', '2022-07-06 07:10:52', 'Kirsti');
insert into article_comment (article_id, user_id, content, created_at, created_by, modified_at, modified_by) values (21, 'id2', 'Donec diam neque, vestibulum eget, vulputate ut, ultrices vel, augue.', '2022-08-23 13:47:18', 'Pieter', '2022-12-22 08:36:15', 'Mort');
insert into article_comment (article_id, user_id, content, created_at, created_by, modified_at, modified_by) values (121, 'id2', 'Duis bibendum, felis sed interdum venenatis, turpis enim blandit mi, in porttitor pede justo eu massa.', '2022-07-26 22:44:37', 'Stirling', '2022-01-14 22:25:20', 'Saudra');
insert into article_comment (article_id, user_id, content, created_at, created_by, modified_at, modified_by) values (116, 'id3', 'Cras in purus eu magna vulputate luctus.', '2022-04-23 08:22:43', 'Julius', '2022-02-14 16:22:38', 'Aylmar');
insert into article_comment (article_id, user_id, content, created_at, created_by, modified_at, modified_by) values (121, 'id1', 'Morbi a ipsum.', '2022-06-07 21:13:06', 'Cherianne', '2022-05-30 16:10:21', 'Nikolaos');
insert into article_comment (article_id, user_id, content, created_at, created_by, modified_at, modified_by) values (110, 'id2', 'Morbi non quam nec dui luctus rutrum.', '2022-10-14 01:25:39', 'Basia', '2022-10-15 00:42:47', 'Cobby');
insert into article_comment (article_id, user_id, content, created_at, created_by, modified_at, modified_by) values (53, 'id1', 'Etiam vel augue.', '2022-11-14 16:56:28', 'Micheal', '2022-06-14 11:49:04', 'Alexander');
insert into article_comment (article_id, user_id, content, created_at, created_by, modified_at, modified_by) values (90, 'id2', 'Ut tellus.', '2022-06-11 14:20:54', 'Ichabod', '2022-07-02 22:47:05', 'Ricardo');
insert into article_comment (article_id, user_id, content, created_at, created_by, modified_at, modified_by) values (51, 'id3', 'Curabitur at ipsum ac tellus semper interdum.', '2022-03-15 01:25:55', 'Zebulon', '2022-10-04 22:48:05', 'Brennen');
insert into article_comment (article_id, user_id, content, created_at, created_by, modified_at, modified_by) values (70, 'id2', 'Phasellus sit amet erat.', '2022-11-24 11:08:22', 'Celesta', '2022-01-22 18:45:04', 'Alethea');
insert into article_comment (article_id, user_id, content, created_at, created_by, modified_at, modified_by) values (1, 'id2', 'Integer ac leo.', '2022-05-25 01:01:21', 'Elli', '2022-11-25 00:06:01', 'Winny');
insert into article_comment (article_id, user_id, content, created_at, created_by, modified_at, modified_by) values (53, 'id3', 'Sed sagittis.', '2022-07-04 17:45:16', 'Austen', '2022-09-12 22:31:30', 'Gustaf');
insert into article_comment (article_id, user_id, content, created_at, created_by, modified_at, modified_by) values (56, 'id1', 'Vestibulum ante ipsum primis in faucibus orci luctus et ultrices posuere cubilia Curae; Mauris viverra diam vitae quam.', '2022-02-12 21:37:16', 'Winn', '2022-01-08 00:04:31', 'Mathe');
insert into article_comment (article_id, user_id, content, created_at, created_by, modified_at, modified_by) values (91, 'id2', 'Vestibulum ante ipsum primis in faucibus orci luctus et ultrices posuere cubilia Curae; Duis faucibus accumsan odio.', '2022-08-29 23:19:34', 'Kori', '2022-03-03 22:54:59', 'Lem');
insert into article_comment (article_id, user_id, content, created_at, created_by, modified_at, modified_by) values (97, 'id1', 'Integer ac leo.', '2022-10-06 05:01:44', 'Dorette', '2022-11-01 00:40:29', 'Lionel');
insert into article_comment (article_id, user_id, content, created_at, created_by, modified_at, modified_by) values (69, 'id2', 'Lorem ipsum dolor sit amet, consectetuer adipiscing elit.', '2022-12-01 00:11:40', 'Rosalynd', '2022-12-11 23:33:05', 'Lurline');
insert into article_comment (article_id, user_id, content, created_at, created_by, modified_at, modified_by) values (33, 'id1', 'Vestibulum ante ipsum primis in faucibus orci luctus et ultrices posuere cubilia Curae; Nulla dapibus dolor vel est.', '2022-11-16 17:25:10', 'Bette-ann', '2022-05-13 03:22:15', 'Robinetta');
insert into article_comment (article_id, user_id, content, created_at, created_by, modified_at, modified_by) values (24, 'id2', 'Maecenas leo odio, condimentum id, luctus nec, molestie sed, justo.', '2022-08-13 12:20:24', 'Nonie', '2022-06-28 10:16:51', 'Kanya');
insert into article_comment (article_id, user_id, content, created_at, created_by, modified_at, modified_by) values (100, 'id1', 'Maecenas pulvinar lobortis est.', '2022-09-07 12:35:08', 'Trstram', '2022-09-21 00:52:45', 'Ashlie');
insert into article_comment (article_id, user_id, content, created_at, created_by, modified_at, modified_by) values (96, 'id1', 'In hac habitasse platea dictumst.', '2022-04-07 18:59:53', 'Ileana', '2022-08-20 09:46:38', 'Hamel');
insert into article_comment (article_id, user_id, content, created_at, created_by, modified_at, modified_by) values (49, 'id2', 'Donec dapibus.', '2022-11-23 23:50:34', 'Bianca', '2022-01-16 14:43:31', 'Tessa');
insert into article_comment (article_id, user_id, content, created_at, created_by, modified_at, modified_by) values (122, 'id1', 'Donec odio justo, sollicitudin ut, suscipit a, feugiat et, eros.', '2022-02-08 01:06:56', 'Tiphanie', '2022-11-28 10:53:24', 'Jacquette');
insert into article_comment (article_id, user_id, content, created_at, created_by, modified_at, modified_by) values (50, 'id1', 'Proin interdum mauris non ligula pellentesque ultrices.', '2022-04-11 05:49:20', 'Friedrick', '2022-11-19 01:39:30', 'Liane');
insert into article_comment (article_id, user_id, content, created_at, created_by, modified_at, modified_by) values (98, 'id1', 'Phasellus id sapien in sapien iaculis congue.', '2022-04-22 16:05:02', 'Damaris', '2022-06-15 15:34:15', 'Galvan');
insert into article_comment (article_id, user_id, content, created_at, created_by, modified_at, modified_by) values (105, 'id2', 'Pellentesque ultrices mattis odio.', '2022-03-07 02:34:24', 'Titus', '2022-12-21 18:09:13', 'Broddy');
insert into article_comment (article_id, user_id, content, created_at, created_by, modified_at, modified_by) values (111, 'id3', 'Mauris enim leo, rhoncus sed, vestibulum sit amet, cursus id, turpis.', '2022-08-04 12:53:36', 'Ezra', '2022-03-06 02:32:43', 'Orelia');
insert into article_comment (article_id, user_id, content, created_at, created_by, modified_at, modified_by) values (100, 'id3', 'Mauris enim leo, rhoncus sed, vestibulum sit amet, cursus id, turpis.', '2022-01-08 22:34:17', 'Abdul', '2022-09-06 05:47:21', 'Heywood');
insert into article_comment (article_id, user_id, content, created_at, created_by, modified_at, modified_by) values (51, 'id1', 'Nunc rhoncus dui vel sem.', '2022-07-01 00:06:44', 'Alice', '2022-10-28 16:11:02', 'Aluin');
insert into article_comment (article_id, user_id, content, created_at, created_by, modified_at, modified_by) values (14, 'id2', 'Morbi non quam nec dui luctus rutrum.', '2022-07-12 05:08:53', 'Donn', '2022-08-09 21:38:35', 'Faber');
insert into article_comment (article_id, user_id, content, created_at, created_by, modified_at, modified_by) values (40, 'id2', 'In tempor, turpis nec euismod scelerisque, quam turpis adipiscing lorem, vitae mattis nibh ligula nec sem.', '2022-06-27 23:28:02', 'Kingsley', '2022-08-15 14:08:51', 'Barnabe');
insert into article_comment (article_id, user_id, content, created_at, created_by, modified_at, modified_by) values (114, 'id1', 'Nulla tempus.', '2022-05-13 18:17:51', 'Wanids', '2022-02-15 11:29:50', 'Yasmin');
insert into article_comment (article_id, user_id, content, created_at, created_by, modified_at, modified_by) values (30, 'id2', 'Maecenas tristique, est et tempus semper, est quam pharetra magna, ac consequat metus sapien ut nunc.', '2022-04-14 22:27:23', 'Evelyn', '2022-08-21 22:46:18', 'Miran');
insert into article_comment (article_id, user_id, content, created_at, created_by, modified_at, modified_by) values (27, 'id2', 'Aenean fermentum.', '2022-05-07 09:51:38', 'Bobbie', '2022-06-28 01:00:06', 'Joleen');
insert into article_comment (article_id, user_id, content, created_at, created_by, modified_at, modified_by) values (29, 'id1', 'Fusce lacus purus, aliquet at, feugiat non, pretium quis, lectus.', '2022-01-16 10:24:03', 'Lindi', '2022-05-26 00:34:46', 'Hayyim');
insert into article_comment (article_id, user_id, content, created_at, created_by, modified_at, modified_by) values (82, 'id2', 'Duis bibendum, felis sed interdum venenatis, turpis enim blandit mi, in porttitor pede justo eu massa.', '2022-11-30 18:59:30', 'Berky', '2022-06-29 11:35:11', 'Peder');
insert into article_comment (article_id, user_id, content, created_at, created_by, modified_at, modified_by) values (27, 'id2', 'Etiam vel augue.', '2022-06-26 15:09:23', 'Dirk', '2022-11-10 18:57:51', 'Dav');
insert into article_comment (article_id, user_id, content, created_at, created_by, modified_at, modified_by) values (43, 'id1', 'Pellentesque at nulla.', '2022-05-10 13:23:04', 'Odille', '2022-06-05 18:11:57', 'Boonie');
insert into article_comment (article_id, user_id, content, created_at, created_by, modified_at, modified_by) values (63, 'id2', 'Integer ac neque.', '2022-06-07 16:08:19', 'Armin', '2022-03-08 15:34:36', 'Justinn');
insert into article_comment (article_id, user_id, content, created_at, created_by, modified_at, modified_by) values (63, 'id1', 'Donec ut mauris eget massa tempor convallis.', '2022-10-25 06:06:45', 'Aimee', '2022-11-28 11:33:05', 'Schuyler');
insert into article_comment (article_id, user_id, content, created_at, created_by, modified_at, modified_by) values (41, 'id1', 'Nam ultrices, libero non mattis pulvinar, nulla pede ullamcorper augue, a suscipit nulla elit ac nulla.', '2022-06-23 05:29:23', 'Veriee', '2022-01-03 07:17:55', 'Theodore');
insert into article_comment (article_id, user_id, content, created_at, created_by, modified_at, modified_by) values (98, 'id2', 'Aenean fermentum.', '2022-05-19 02:27:37', 'Rogers', '2022-01-01 21:39:14', 'Cordelie');
insert into article_comment (article_id, user_id, content, created_at, created_by, modified_at, modified_by) values (81, 'id3', 'Nulla facilisi.', '2022-12-04 09:56:50', 'Florenza', '2022-08-23 18:07:47', 'Amara');
insert into article_comment (article_id, user_id, content, created_at, created_by, modified_at, modified_by) values (79, 'id2', 'Nulla ac enim.', '2022-01-06 09:46:20', 'Zared', '2022-02-05 13:27:12', 'Sam');
insert into article_comment (article_id, user_id, content, created_at, created_by, modified_at, modified_by) values (21, 'id2', 'Nulla facilisi.', '2022-05-03 01:13:31', 'Stan', '2022-03-16 04:51:26', 'Farly');
insert into article_comment (article_id, user_id, content, created_at, created_by, modified_at, modified_by) values (121, 'id3', 'Donec diam neque, vestibulum eget, vulputate ut, ultrices vel, augue.', '2022-08-30 20:47:13', 'Melina', '2022-01-13 05:05:11', 'Berny');
insert into article_comment (article_id, user_id, content, created_at, created_by, modified_at, modified_by) values (75, 'id1', 'Nullam molestie nibh in lectus.', '2022-12-14 23:33:38', 'Jude', '2022-12-24 08:53:05', 'Erl');
insert into article_comment (article_id, user_id, content, created_at, created_by, modified_at, modified_by) values (81, 'id3', 'Lorem ipsum dolor sit amet, consectetuer adipiscing elit.', '2022-11-26 08:33:06', 'Rogers', '2022-04-21 07:43:53', 'Othello');
insert into article_comment (article_id, user_id, content, created_at, created_by, modified_at, modified_by) values (7, 'id3', 'Morbi vel lectus in quam fringilla rhoncus.', '2022-06-21 00:36:54', 'Elli', '2022-01-08 22:37:57', 'Othella');
insert into article_comment (article_id, user_id, content, created_at, created_by, modified_at, modified_by) values (105, 'id1', 'Sed sagittis.', '2022-12-03 08:52:47', 'Garold', '2022-09-09 13:19:28', 'Aubry');
insert into article_comment (article_id, user_id, content, created_at, created_by, modified_at, modified_by) values (90, 'id1', 'Aliquam augue quam, sollicitudin vitae, consectetuer eget, rutrum at, lorem.', '2022-09-18 22:56:11', 'Mira', '2022-12-24 05:10:09', 'Laverna');
insert into article_comment (article_id, user_id, content, created_at, created_by, modified_at, modified_by) values (8, 'id1', 'Lorem ipsum dolor sit amet, consectetuer adipiscing elit.', '2022-08-02 00:55:41', 'Maddie', '2022-04-06 19:36:20', 'Tedda');
insert into article_comment (article_id, user_id, content, created_at, created_by, modified_at, modified_by) values (119, 'id2', 'Fusce congue, diam id ornare imperdiet, sapien urna pretium nisl, ut volutpat sapien arcu sed augue.', '2022-11-11 09:24:33', 'Cyril', '2022-11-30 20:47:53', 'Margeaux');
insert into article_comment (article_id, user_id, content, created_at, created_by, modified_at, modified_by) values (76, 'id1', 'Donec diam neque, vestibulum eget, vulputate ut, ultrices vel, augue.', '2022-10-30 05:14:16', 'Daphna', '2022-12-10 19:15:23', 'Shawnee');
insert into article_comment (article_id, user_id, content, created_at, created_by, modified_at, modified_by) values (39, 'id2', 'Quisque ut erat.', '2022-08-11 17:27:14', 'Gerda', '2022-06-08 06:59:25', 'Mychal');
insert into article_comment (article_id, user_id, content, created_at, created_by, modified_at, modified_by) values (91, 'id1', 'Integer non velit.', '2022-02-22 00:08:38', 'Sara-ann', '2022-01-28 11:33:54', 'Misty');
insert into article_comment (article_id, user_id, content, created_at, created_by, modified_at, modified_by) values (30, 'id3', 'Praesent lectus.', '2022-05-08 05:02:39', 'Martie', '2022-02-07 22:21:13', 'Martie');
insert into article_comment (article_id, user_id, content, created_at, created_by, modified_at, modified_by) values (43, 'id1', 'Duis consequat dui nec nisi volutpat eleifend.', '2022-11-21 20:40:13', 'Brandyn', '2022-03-31 17:53:53', 'Ferne');
insert into article_comment (article_id, user_id, content, created_at, created_by, modified_at, modified_by) values (67, 'id2', 'Fusce consequat.', '2022-08-22 23:10:58', 'Devin', '2022-08-17 04:08:43', 'Meryl');
insert into article_comment (article_id, user_id, content, created_at, created_by, modified_at, modified_by) values (26, 'id2', 'Ut at dolor quis odio consequat varius.', '2021-12-30 13:08:12', 'Tracey', '2022-08-22 17:33:20', 'Linnet');
insert into article_comment (article_id, user_id, content, created_at, created_by, modified_at, modified_by) values (63, 'id2', 'Nulla justo.', '2022-10-04 03:35:01', 'Kiele', '2022-05-19 06:43:31', 'Freddy');
insert into article_comment (article_id, user_id, content, created_at, created_by, modified_at, modified_by) values (82, 'id2', 'Curabitur convallis.', '2022-10-28 12:08:27', 'Whitman', '2022-02-20 10:09:24', 'Manuel');
insert into article_comment (article_id, user_id, content, created_at, created_by, modified_at, modified_by) values (71, 'id3', 'Donec posuere metus vitae ipsum.', '2022-12-09 08:15:22', 'Raine', '2022-06-17 04:39:36', 'Dorree');
insert into article_comment (article_id, user_id, content, created_at, created_by, modified_at, modified_by) values (76, 'id1', 'Maecenas tincidunt lacus at velit.', '2022-05-17 18:05:06', 'Cull', '2022-06-07 00:50:41', 'Jocelyne');
insert into article_comment (article_id, user_id, content, created_at, created_by, modified_at, modified_by) values (115, 'id2', 'Praesent blandit.', '2022-06-26 21:02:57', 'Fayre', '2022-12-05 10:35:45', 'Calla');
insert into article_comment (article_id, user_id, content, created_at, created_by, modified_at, modified_by) values (118, 'id3', 'Etiam faucibus cursus urna.', '2022-02-24 23:49:02', 'Melisse', '2022-05-26 17:27:10', 'Giustino');
insert into article_comment (article_id, user_id, content, created_at, created_by, modified_at, modified_by) values (83, 'id1', 'Vestibulum rutrum rutrum neque.', '2022-11-28 15:51:35', 'Brina', '2022-04-11 02:01:11', 'Dilly');
insert into article_comment (article_id, user_id, content, created_at, created_by, modified_at, modified_by) values (40, 'id2', 'Mauris sit amet eros.', '2022-05-30 22:42:16', 'Burnard', '2022-11-08 08:35:53', 'Randie');
insert into article_comment (article_id, user_id, content, created_at, created_by, modified_at, modified_by) values (19, 'id1', 'Fusce posuere felis sed lacus.', '2022-06-17 20:39:28', 'Andrei', '2022-08-12 14:19:19', 'Ced');
insert into article_comment (article_id, user_id, content, created_at, created_by, modified_at, modified_by) values (84, 'id3', 'Nullam molestie nibh in lectus.', '2022-05-04 07:13:23', 'Lorenza', '2022-05-07 19:10:33', 'Nannette');
insert into article_comment (article_id, user_id, content, created_at, created_by, modified_at, modified_by) values (18, 'id1', 'In est risus, auctor sed, tristique in, tempus sit amet, sem.', '2021-12-28 02:33:12', 'Catie', '2022-04-07 09:25:48', 'Ivonne');
insert into article_comment (article_id, user_id, content, created_at, created_by, modified_at, modified_by) values (67, 'id1', 'Nullam molestie nibh in lectus.', '2022-10-30 05:18:53', 'Kaye', '2022-12-03 19:38:15', 'Boyce');
insert into article_comment (article_id, user_id, content, created_at, created_by, modified_at, modified_by) values (107, 'id1', 'Maecenas rhoncus aliquam lacus.', '2022-06-27 04:49:39', 'Aviva', '2022-06-12 12:18:08', 'Dewitt');
insert into article_comment (article_id, user_id, content, created_at, created_by, modified_at, modified_by) values (31, 'id2', 'In quis justo.', '2022-04-17 07:24:16', 'Bondie', '2022-05-12 16:42:54', 'Annelise');
insert into article_comment (article_id, user_id, content, created_at, created_by, modified_at, modified_by) values (24, 'id3', 'Etiam justo.', '2022-09-01 18:30:57', 'Moses', '2022-02-18 09:59:35', 'Amandie');
insert into article_comment (article_id, user_id, content, created_at, created_by, modified_at, modified_by) values (116, 'id2', 'In hac habitasse platea dictumst.', '2022-05-09 05:08:25', 'Aurthur', '2022-05-19 23:04:35', 'Saraann');
insert into article_comment (article_id, user_id, content, created_at, created_by, modified_at, modified_by) values (78, 'id2', 'Mauris enim leo, rhoncus sed, vestibulum sit amet, cursus id, turpis.', '2022-02-14 10:29:47', 'Shayna', '2022-09-09 00:25:46', 'Graehme');
insert into article_comment (article_id, user_id, content, created_at, created_by, modified_at, modified_by) values (107, 'id2', 'Nullam porttitor lacus at turpis.', '2022-02-28 15:27:08', 'Duff', '2022-08-05 13:55:35', 'Olag');
insert into article_comment (article_id, user_id, content, created_at, created_by, modified_at, modified_by) values (55, 'id1', 'Aliquam quis turpis eget elit sodales scelerisque.', '2022-01-05 01:30:01', 'Lucian', '2022-09-15 17:06:55', 'Ruddie');
insert into article_comment (article_id, user_id, content, created_at, created_by, modified_at, modified_by) values (62, 'id2', 'Morbi a ipsum.', '2022-07-15 06:59:53', 'Twila', '2022-03-28 02:03:11', 'Claire');
insert into article_comment (article_id, user_id, content, created_at, created_by, modified_at, modified_by) values (46, 'id1', 'Phasellus in felis.', '2022-05-09 06:30:54', 'Beverley', '2022-06-29 07:06:32', 'De');
insert into article_comment (article_id, user_id, content, created_at, created_by, modified_at, modified_by) values (35, 'id2', 'Nunc rhoncus dui vel sem.', '2022-04-24 10:30:11', 'Carlynn', '2022-07-31 21:46:24', 'Newton');
insert into article_comment (article_id, user_id, content, created_at, created_by, modified_at, modified_by) values (54, 'id2', 'In congue.', '2022-10-26 23:41:17', 'Dale', '2022-10-19 00:18:35', 'Giraud');
insert into article_comment (article_id, user_id, content, created_at, created_by, modified_at, modified_by) values (22, 'id3', 'Nunc rhoncus dui vel sem.', '2022-05-27 15:29:46', 'Leslie', '2022-04-03 22:14:55', 'Mignon');
insert into article_comment (article_id, user_id, content, created_at, created_by, modified_at, modified_by) values (110, 'id1', 'Nulla nisl.', '2022-03-27 04:30:16', 'Skippie', '2022-05-23 19:25:24', 'Allan');
insert into article_comment (article_id, user_id, content, created_at, created_by, modified_at, modified_by) values (96, 'id2', 'Integer aliquet, massa id lobortis convallis, tortor risus dapibus augue, vel accumsan tellus nisi eu orci.', '2022-08-13 14:46:48', 'Mallory', '2022-05-03 18:25:54', 'Monah');
insert into article_comment (article_id, user_id, content, created_at, created_by, modified_at, modified_by) values (73, 'id1', 'Nullam varius.', '2022-12-22 00:30:30', 'Susi', '2022-06-22 23:09:01', 'Den');
insert into article_comment (article_id, user_id, content, created_at, created_by, modified_at, modified_by) values (43, 'id3', 'Integer pede justo, lacinia eget, tincidunt eget, tempus vel, pede.', '2022-11-06 00:43:11', 'Fayette', '2022-02-07 06:13:20', 'Kaja');
insert into article_comment (article_id, user_id, content, created_at, created_by, modified_at, modified_by) values (55, 'id1', 'Morbi vel lectus in quam fringilla rhoncus.', '2022-05-26 23:32:58', 'Genny', '2022-01-29 22:22:33', 'Mervin');
insert into article_comment (article_id, user_id, content, created_at, created_by, modified_at, modified_by) values (77, 'id1', 'Proin interdum mauris non ligula pellentesque ultrices.', '2022-08-04 18:30:37', 'Teddie', '2022-05-30 02:17:35', 'Brigida');
insert into article_comment (article_id, user_id, content, created_at, created_by, modified_at, modified_by) values (76, 'id3', 'Morbi sem mauris, laoreet ut, rhoncus aliquet, pulvinar sed, nisl.', '2022-01-18 04:08:35', 'Yale', '2022-09-28 18:52:12', 'Gradey');
insert into article_comment (article_id, user_id, content, created_at, created_by, modified_at, modified_by) values (33, 'id3', 'Nulla ut erat id mauris vulputate elementum.', '2022-05-23 05:46:50', 'Tatum', '2021-12-29 09:41:59', 'Berne');
insert into article_comment (article_id, user_id, content, created_at, created_by, modified_at, modified_by) values (123, 'id1', 'In hac habitasse platea dictumst.', '2022-03-29 01:01:41', 'Vivien', '2022-01-15 23:10:43', 'Buckie');
insert into article_comment (article_id, user_id, content, created_at, created_by, modified_at, modified_by) values (45, 'id1', 'In hac habitasse platea dictumst.', '2022-03-01 21:56:17', 'Arlene', '2022-01-30 09:54:35', 'Barron');
insert into article_comment (article_id, user_id, content, created_at, created_by, modified_at, modified_by) values (22, 'id3', 'Vestibulum rutrum rutrum neque.', '2022-09-06 15:16:43', 'Alfreda', '2022-03-06 14:52:59', 'Gerald');
insert into article_comment (article_id, user_id, content, created_at, created_by, modified_at, modified_by) values (101, 'id2', 'Quisque ut erat.', '2022-10-21 22:40:40', 'Dredi', '2022-04-15 12:07:44', 'Keenan');
insert into article_comment (article_id, user_id, content, created_at, created_by, modified_at, modified_by) values (8, 'id1', 'Proin risus.', '2022-09-16 06:28:26', 'Richmond', '2022-05-20 09:34:10', 'Merwyn');
insert into article_comment (article_id, user_id, content, created_at, created_by, modified_at, modified_by) values (5, 'id1', 'Cras mi pede, malesuada in, imperdiet et, commodo vulputate, justo.', '2022-11-08 11:06:31', 'Jermayne', '2021-12-30 16:23:19', 'Lora');
insert into article_comment (article_id, user_id, content, created_at, created_by, modified_at, modified_by) values (1, 'id3', 'Nulla neque libero, convallis eget, eleifend luctus, ultricies eu, nibh.', '2022-10-23 10:29:00', 'Arney', '2022-04-02 13:45:31', 'Alexio');
insert into article_comment (article_id, user_id, content, created_at, created_by, modified_at, modified_by) values (52, 'id1', 'Fusce consequat.', '2022-10-21 18:51:48', 'Hodge', '2022-03-07 02:54:57', 'Ailbert');
insert into article_comment (article_id, user_id, content, created_at, created_by, modified_at, modified_by) values (80, 'id2', 'Donec odio justo, sollicitudin ut, suscipit a, feugiat et, eros.', '2022-01-26 23:43:35', 'Noreen', '2022-02-26 08:56:21', 'Quincey');
insert into article_comment (article_id, user_id, content, created_at, created_by, modified_at, modified_by) values (9, 'id2', 'Proin at turpis a pede posuere nonummy.', '2022-10-16 03:33:23', 'Chickie', '2022-07-10 05:11:26', 'Patton');
insert into article_comment (article_id, user_id, content, created_at, created_by, modified_at, modified_by) values (117, 'id1', 'Nullam sit amet turpis elementum ligula vehicula consequat.', '2022-10-08 15:57:15', 'Opalina', '2022-07-30 07:06:22', 'Osmond');
insert into article_comment (article_id, user_id, content, created_at, created_by, modified_at, modified_by) values (102, 'id2', 'Donec vitae nisi.', '2022-11-04 00:34:31', 'Aldous', '2022-03-11 22:13:57', 'Abdul');
insert into article_comment (article_id, user_id, content, created_at, created_by, modified_at, modified_by) values (73, 'id2', 'Morbi non lectus.', '2022-09-30 18:32:40', 'Danice', '2022-01-26 09:32:39', 'Demetris');
insert into article_comment (article_id, user_id, content, created_at, created_by, modified_at, modified_by) values (45, 'id3', 'Quisque arcu libero, rutrum ac, lobortis vel, dapibus at, diam.', '2022-03-03 19:28:24', 'Giuseppe', '2022-09-08 08:13:33', 'Crysta');
insert into article_comment (article_id, user_id, content, created_at, created_by, modified_at, modified_by) values (49, 'id3', 'Suspendisse potenti.', '2022-08-14 04:53:44', 'Freida', '2022-06-19 10:24:31', 'Moreen');
insert into article_comment (article_id, user_id, content, created_at, created_by, modified_at, modified_by) values (41, 'id1', 'Morbi ut odio.', '2022-06-20 18:29:07', 'Emanuel', '2022-08-24 09:21:51', 'Perle');
insert into article_comment (article_id, user_id, content, created_at, created_by, modified_at, modified_by) values (64, 'id1', 'Nam nulla.', '2022-12-26 11:19:25', 'Molly', '2021-12-28 11:50:06', 'Floris');
insert into article_comment (article_id, user_id, content, created_at, created_by, modified_at, modified_by) values (85, 'id2', 'Maecenas tincidunt lacus at velit.', '2022-12-17 06:53:16', 'Idette', '2022-08-18 15:34:23', 'Jakie');
insert into article_comment (article_id, user_id, content, created_at, created_by, modified_at, modified_by) values (12, 'id1', 'Vestibulum ante ipsum primis in faucibus orci luctus et ultrices posuere cubilia Curae; Duis faucibus accumsan odio.', '2022-03-29 18:28:54', 'Roseanna', '2022-08-10 08:39:10', 'Rosemarie');
insert into article_comment (article_id, user_id, content, created_at, created_by, modified_at, modified_by) values (20, 'id3', 'In sagittis dui vel nisl.', '2022-05-01 16:38:58', 'Francoise', '2022-09-18 20:15:09', 'Zsa zsa');
insert into article_comment (article_id, user_id, content, created_at, created_by, modified_at, modified_by) values (117, 'id3', 'Praesent blandit lacinia erat.', '2022-05-13 20:41:35', 'Shoshana', '2022-12-06 15:06:53', 'Myrtia');
insert into article_comment (article_id, user_id, content, created_at, created_by, modified_at, modified_by) values (99, 'id2', 'Mauris ullamcorper purus sit amet nulla.', '2022-01-17 12:01:39', 'Rufus', '2022-03-24 02:00:08', 'Eada');
insert into article_comment (article_id, user_id, content, created_at, created_by, modified_at, modified_by) values (27, 'id3', 'Praesent blandit lacinia erat.', '2022-02-23 01:39:17', 'Wynn', '2022-06-25 13:54:15', 'Ollie');
insert into article_comment (article_id, user_id, content, created_at, created_by, modified_at, modified_by) values (35, 'id3', 'Nunc purus.', '2022-02-24 19:15:33', 'Ingram', '2022-06-16 09:05:34', 'Demetria');
insert into article_comment (article_id, user_id, content, created_at, created_by, modified_at, modified_by) values (105, 'id2', 'Nunc nisl.', '2022-08-11 06:10:39', 'Wat', '2022-04-03 16:09:55', 'Ardys');
insert into article_comment (article_id, user_id, content, created_at, created_by, modified_at, modified_by) values (59, 'id1', 'Nam congue, risus semper porta volutpat, quam pede lobortis ligula, sit amet eleifend pede libero quis orci.', '2022-03-15 23:32:46', 'Elfrida', '2022-08-21 19:01:10', 'Kassey');
insert into article_comment (article_id, user_id, content, created_at, created_by, modified_at, modified_by) values (4, 'id2', 'Duis mattis egestas metus.', '2022-12-23 09:48:38', 'Laughton', '2022-06-23 00:17:08', 'Wald');
insert into article_comment (article_id, user_id, content, created_at, created_by, modified_at, modified_by) values (18, 'id1', 'Donec quis orci eget orci vehicula condimentum.', '2022-06-20 01:06:54', 'Joseph', '2022-04-14 05:53:28', 'Bernadene');
insert into article_comment (article_id, user_id, content, created_at, created_by, modified_at, modified_by) values (82, 'id1', 'Vestibulum ante ipsum primis in faucibus orci luctus et ultrices posuere cubilia Curae; Duis faucibus accumsan odio.', '2022-09-29 09:06:23', 'Ophelie', '2022-12-21 21:55:06', 'Rufus');
insert into article_comment (article_id, user_id, content, created_at, created_by, modified_at, modified_by) values (7, 'id3', 'Mauris enim leo, rhoncus sed, vestibulum sit amet, cursus id, turpis.', '2021-12-30 12:25:13', 'Tan', '2022-04-24 06:10:16', 'Stormie');
insert into article_comment (article_id, user_id, content, created_at, created_by, modified_at, modified_by) values (74, 'id3', 'Lorem ipsum dolor sit amet, consectetuer adipiscing elit.', '2022-05-26 20:22:12', 'Blondelle', '2022-02-09 07:26:08', 'Keelby');
insert into article_comment (article_id, user_id, content, created_at, created_by, modified_at, modified_by) values (77, 'id2', 'Duis aliquam convallis nunc.', '2022-06-21 22:17:43', 'Cybil', '2022-09-01 05:23:44', 'Rourke');
insert into article_comment (article_id, user_id, content, created_at, created_by, modified_at, modified_by) values (105, 'id2', 'In hac habitasse platea dictumst.', '2022-11-30 21:35:19', 'Michel', '2022-07-11 20:00:10', 'Lennard');
insert into article_comment (article_id, user_id, content, created_at, created_by, modified_at, modified_by) values (17, 'id3', 'Vestibulum ante ipsum primis in faucibus orci luctus et ultrices posuere cubilia Curae; Mauris viverra diam vitae quam.', '2022-12-11 05:56:05', 'Romeo', '2022-09-15 16:58:35', 'Bank');
insert into article_comment (article_id, user_id, content, created_at, created_by, modified_at, modified_by) values (23, 'id1', 'Curabitur in libero ut massa volutpat convallis.', '2022-02-24 22:03:40', 'Jacquie', '2022-08-13 22:29:38', 'Gary');
insert into article_comment (article_id, user_id, content, created_at, created_by, modified_at, modified_by) values (33, 'id2', 'Duis bibendum.', '2022-09-20 02:10:41', 'Shoshana', '2022-05-28 14:08:40', 'Clerkclaude');
insert into article_comment (article_id, user_id, content, created_at, created_by, modified_at, modified_by) values (74, 'id1', 'Pellentesque ultrices mattis odio.', '2022-06-02 08:32:28', 'Paolina', '2022-06-24 10:21:29', 'Penn');
insert into article_comment (article_id, user_id, content, created_at, created_by, modified_at, modified_by) values (86, 'id3', 'Proin at turpis a pede posuere nonummy.', '2022-11-05 20:24:58', 'Anton', '2022-03-21 21:38:17', 'Angil');
insert into article_comment (article_id, user_id, content, created_at, created_by, modified_at, modified_by) values (92, 'id3', 'Maecenas leo odio, condimentum id, luctus nec, molestie sed, justo.', '2022-06-13 09:26:15', 'Maye', '2022-11-08 06:24:19', 'Hyacinthia');
insert into article_comment (article_id, user_id, content, created_at, created_by, modified_at, modified_by) values (73, 'id1', 'Pellentesque at nulla.', '2022-02-07 15:56:36', 'Lesley', '2022-05-16 09:42:26', 'Winonah');
insert into article_comment (article_id, user_id, content, created_at, created_by, modified_at, modified_by) values (107, 'id1', 'Nulla ac enim.', '2022-05-25 21:31:48', 'Karia', '2022-03-13 17:43:44', 'Edith');
insert into article_comment (article_id, user_id, content, created_at, created_by, modified_at, modified_by) values (121, 'id2', 'Etiam faucibus cursus urna.', '2022-11-14 17:47:19', 'Alyson', '2022-03-23 18:04:10', 'Melinda');
insert into article_comment (article_id, user_id, content, created_at, created_by, modified_at, modified_by) values (116, 'id3', 'Donec quis orci eget orci vehicula condimentum.', '2022-04-10 07:58:37', 'Rudolph', '2022-03-12 15:10:31', 'Creigh');
insert into article_comment (article_id, user_id, content, created_at, created_by, modified_at, modified_by) values (17, 'id1', 'In tempor, turpis nec euismod scelerisque, quam turpis adipiscing lorem, vitae mattis nibh ligula nec sem.', '2022-10-10 09:51:19', 'Brigitta', '2022-05-11 13:44:45', 'Luke');
insert into article_comment (article_id, user_id, content, created_at, created_by, modified_at, modified_by) values (63, 'id1', 'Donec vitae nisi.', '2022-12-26 11:33:06', 'Daryl', '2022-11-27 00:27:10', 'Amalie');
insert into article_comment (article_id, user_id, content, created_at, created_by, modified_at, modified_by) values (27, 'id1', 'Praesent lectus.', '2022-07-28 02:01:51', 'Betti', '2022-01-16 09:45:53', 'Pietro');
insert into article_comment (article_id, user_id, content, created_at, created_by, modified_at, modified_by) values (52, 'id3', 'Donec ut dolor.', '2022-07-10 19:38:43', 'Kathe', '2022-01-30 16:57:14', 'Addia');
insert into article_comment (article_id, user_id, content, created_at, created_by, modified_at, modified_by) values (102, 'id3', 'Nam dui.', '2022-02-27 14:52:56', 'Kathryn', '2022-05-25 09:33:13', 'Carolan');
insert into article_comment (article_id, user_id, content, created_at, created_by, modified_at, modified_by) values (72, 'id1', 'Ut tellus.', '2022-09-16 16:41:19', 'Fabe', '2022-06-05 06:11:01', 'Allx');
insert into article_comment (article_id, user_id, content, created_at, created_by, modified_at, modified_by) values (93, 'id3', 'Vestibulum ante ipsum primis in faucibus orci luctus et ultrices posuere cubilia Curae; Duis faucibus accumsan odio.', '2022-06-17 07:55:11', 'Meghan', '2022-06-18 08:43:39', 'Sofie');
insert into article_comment (article_id, user_id, content, created_at, created_by, modified_at, modified_by) values (7, 'id2', 'Vestibulum ante ipsum primis in faucibus orci luctus et ultrices posuere cubilia Curae; Nulla dapibus dolor vel est.', '2022-02-12 06:29:14', 'Mic', '2022-06-27 20:14:22', 'Gennie');
insert into article_comment (article_id, user_id, content, created_at, created_by, modified_at, modified_by) values (120, 'id1', 'Lorem ipsum dolor sit amet, consectetuer adipiscing elit.', '2022-03-05 15:38:48', 'Matti', '2022-08-19 13:37:26', 'Vincent');
insert into article_comment (article_id, user_id, content, created_at, created_by, modified_at, modified_by) values (114, 'id3', 'Duis ac nibh.', '2022-11-11 08:27:09', 'Kenyon', '2022-08-22 11:06:52', 'Shelba');
insert into article_comment (article_id, user_id, content, created_at, created_by, modified_at, modified_by) values (12, 'id2', 'Phasellus id sapien in sapien iaculis congue.', '2022-09-02 15:59:42', 'Alec', '2022-08-13 01:08:14', 'Karylin');
insert into article_comment (article_id, user_id, content, created_at, created_by, modified_at, modified_by) values (28, 'id2', 'Nullam varius.', '2022-09-23 11:42:10', 'Peta', '2022-07-22 02:51:56', 'Brooke');
insert into article_comment (article_id, user_id, content, created_at, created_by, modified_at, modified_by) values (118, 'id3', 'Morbi odio odio, elementum eu, interdum eu, tincidunt in, leo.', '2022-12-09 19:38:52', 'Elie', '2022-01-28 19:44:57', 'Delmore');
insert into article_comment (article_id, user_id, content, created_at, created_by, modified_at, modified_by) values (31, 'id3', 'Cum sociis natoque penatibus et magnis dis parturient montes, nascetur ridiculus mus.', '2022-12-23 09:24:01', 'Murray', '2022-06-29 10:40:31', 'Felic');
insert into article_comment (article_id, user_id, content, created_at, created_by, modified_at, modified_by) values (78, 'id3', 'Etiam pretium iaculis justo.', '2022-01-12 13:32:06', 'Hilliary', '2022-09-06 17:32:10', 'Clarence');
insert into article_comment (article_id, user_id, content, created_at, created_by, modified_at, modified_by) values (20, 'id2', 'Duis aliquam convallis nunc.', '2022-01-20 16:19:42', 'Verine', '2022-05-07 05:52:43', 'Darsie');
insert into article_comment (article_id, user_id, content, created_at, created_by, modified_at, modified_by) values (58, 'id3', 'Aliquam sit amet diam in magna bibendum imperdiet.', '2022-07-13 21:22:23', 'Manon', '2022-06-17 11:06:28', 'Thoma');
insert into article_comment (article_id, user_id, content, created_at, created_by, modified_at, modified_by) values (122, 'id2', 'Sed vel enim sit amet nunc viverra dapibus.', '2022-10-27 18:23:51', 'Ursala', '2022-04-07 09:38:10', 'Tessy');
insert into article_comment (article_id, user_id, content, created_at, created_by, modified_at, modified_by) values (76, 'id1', 'Duis consequat dui nec nisi volutpat eleifend.', '2022-04-15 21:25:10', 'Bat', '2022-09-28 02:17:04', 'Wally');
insert into article_comment (article_id, user_id, content, created_at, created_by, modified_at, modified_by) values (71, 'id3', 'In blandit ultrices enim.', '2022-04-30 06:36:08', 'Ronnie', '2022-09-14 05:36:44', 'Zaneta');
insert into article_comment (article_id, user_id, content, created_at, created_by, modified_at, modified_by) values (91, 'id2', 'Morbi non quam nec dui luctus rutrum.', '2022-07-20 09:17:48', 'Delmor', '2022-02-22 19:47:53', 'Corby');
