insert into user_account (user_id, user_password, nickname, email, memo, created_at, created_by, modified_at, modified_by) values
    ('id1', 'awdr1234', '갑', 'id1@mail.com', 'I am Uno.', now(), '갑', now(), '갑')
;
insert into user_account (user_id, user_password, nickname, email, memo, created_at, created_by, modified_at, modified_by) values
    ('id2', 'qsef1234', '을', 'id2@mail.com', 'I am Uno2.', now(), '을', now(), '을')
;
insert into user_account (user_id, user_password, nickname, email, memo, created_at, created_by, modified_at, modified_by) values
    ('id3', 'zscf1234', '병', 'id3@mail.com', 'I am Uno2.', now(), '병', now(), '병')
;

insert into article (user_id, title, content, hashtag, created_at, created_by, modified_at, modified_by) values ('id3', 'Cras in purus eu magna vulputate luctus.', 'Mauris enim leo, rhoncus sed, vestibulum sit amet, cursus id, turpis.', 'Orange', '2022-06-29 02:25:52', 'Margeaux', '2022-11-26 15:55:06', 'Pincus');
insert into article (user_id, title, content, hashtag, created_at, created_by, modified_at, modified_by) values ('id3', 'Aliquam quis turpis eget elit sodales scelerisque.', 'Suspendisse accumsan tortor quis turpis.', null, '2022-12-24 14:27:27', 'Shaine', '2022-09-10 14:27:25', 'Wheeler');
insert into article (user_id, title, content, hashtag, created_at, created_by, modified_at, modified_by) values ('id3', 'Proin interdum mauris non ligula pellentesque ultrices.', 'Vestibulum ante ipsum primis in faucibus orci luctus et ultrices posuere cubilia Curae; Donec pharetra, magna vestibulum aliquet ultrices, erat tortor sollicitudin mi, sit amet lobortis sapien sapien non mi.', 'Maroon', '2022-07-30 07:47:21', 'Rustin', '2022-08-19 17:52:47', 'Flor');
insert into article (user_id, title, content, hashtag, created_at, created_by, modified_at, modified_by) values ('id2', 'Quisque id justo sit amet sapien dignissim vestibulum.', 'Donec dapibus.', 'Mauv', '2022-02-11 22:13:40', 'Lucinda', '2022-06-26 15:55:25', 'Stacia');
insert into article (user_id, title, content, hashtag, created_at, created_by, modified_at, modified_by) values ('id1', 'Pellentesque viverra pede ac diam.', 'Morbi vel lectus in quam fringilla rhoncus.', 'Crimson', '2022-01-25 14:18:21', 'Harriett', '2022-11-24 05:38:10', 'Myrna');
insert into article (user_id, title, content, hashtag, created_at, created_by, modified_at, modified_by) values ('id1', 'In eleifend quam a odio.', 'Maecenas pulvinar lobortis est.', null, '2022-12-12 20:32:07', 'Garrek', '2022-11-15 01:00:24', 'Gordon');
insert into article (user_id, title, content, hashtag, created_at, created_by, modified_at, modified_by) values ('id1', 'Donec semper sapien a libero.', 'Fusce consequat.', 'Khaki', '2022-10-23 10:13:47', 'Karie', '2022-01-20 13:37:57', 'Kasper');
insert into article (user_id, title, content, hashtag, created_at, created_by, modified_at, modified_by) values ('id1', 'Mauris enim leo, rhoncus sed, vestibulum sit amet, cursus id, turpis.', 'Vivamus metus arcu, adipiscing molestie, hendrerit at, vulputate vitae, nisl.', 'Yellow', '2022-03-25 09:14:29', 'Fabian', '2022-04-02 03:00:54', 'Kliment');
insert into article (user_id, title, content, hashtag, created_at, created_by, modified_at, modified_by) values ('id2', 'In est risus, auctor sed, tristique in, tempus sit amet, sem.', 'Ut at dolor quis odio consequat varius.', 'Goldenrod', '2022-09-29 14:06:30', 'Larine', '2022-10-12 02:21:27', 'Winna');
insert into article (user_id, title, content, hashtag, created_at, created_by, modified_at, modified_by) values ('id2', 'Proin interdum mauris non ligula pellentesque ultrices.', 'Fusce consequat.', 'Blue', '2022-12-23 10:59:07', 'Suzy', '2022-12-10 14:58:52', 'Sandye');
insert into article (user_id, title, content, hashtag, created_at, created_by, modified_at, modified_by) values ('id2', 'Maecenas tristique, est et tempus semper, est quam pharetra magna, ac consequat metus sapien ut nunc.', 'Fusce congue, diam id ornare imperdiet, sapien urna pretium nisl, ut volutpat sapien arcu sed augue.', null, '2022-08-07 17:06:38', 'Fredrika', '2022-11-11 09:20:59', 'Naomi');
insert into article (user_id, title, content, hashtag, created_at, created_by, modified_at, modified_by) values ('id1', 'Morbi a ipsum.', 'Morbi vestibulum, velit id pretium iaculis, diam erat fermentum justo, nec condimentum neque sapien placerat ante.', 'Purple', '2022-04-06 08:51:57', 'Hendrik', '2022-02-07 08:00:31', 'Dixie');
insert into article (user_id, title, content, hashtag, created_at, created_by, modified_at, modified_by) values ('id1', 'Proin interdum mauris non ligula pellentesque ultrices.', 'Nullam orci pede, venenatis non, sodales sed, tincidunt eu, felis.', 'Violet', '2022-07-13 20:00:23', 'Dolph', '2022-02-17 07:40:45', 'Janette');
insert into article (user_id, title, content, hashtag, created_at, created_by, modified_at, modified_by) values ('id1', 'Mauris sit amet eros.', 'Nulla mollis molestie lorem.', 'Goldenrod', '2022-05-18 08:23:56', 'Jarvis', '2022-09-09 07:24:43', 'Blane');
insert into article (user_id, title, content, hashtag, created_at, created_by, modified_at, modified_by) values ('id1', 'Maecenas ut massa quis augue luctus tincidunt.', 'Duis consequat dui nec nisi volutpat eleifend.', 'Fuscia', '2022-12-28 12:07:40', 'Dennie', '2022-12-27 12:49:48', 'Tracy');
insert into article (user_id, title, content, hashtag, created_at, created_by, modified_at, modified_by) values ('id3', 'Integer tincidunt ante vel ipsum.', 'Nullam varius.', null, '2022-11-26 06:54:36', 'Carline', '2022-10-23 08:36:07', 'Harmonia');
insert into article (user_id, title, content, hashtag, created_at, created_by, modified_at, modified_by) values ('id2', 'Lorem ipsum dolor sit amet, consectetuer adipiscing elit.', 'Nulla mollis molestie lorem.', 'Blue', '2022-11-29 00:14:44', 'Dugald', '2022-05-09 01:20:52', 'Vina');
insert into article (user_id, title, content, hashtag, created_at, created_by, modified_at, modified_by) values ('id1', 'Aenean fermentum.', 'Duis at velit eu est congue elementum.', null, '2022-05-23 17:42:18', 'Murvyn', '2022-06-23 00:16:53', 'Arley');
insert into article (user_id, title, content, hashtag, created_at, created_by, modified_at, modified_by) values ('id1', 'Aenean sit amet justo.', 'Donec odio justo, sollicitudin ut, suscipit a, feugiat et, eros.', 'Indigo', '2022-09-09 22:22:08', 'Vince', '2022-11-02 21:34:12', 'Orton');
insert into article (user_id, title, content, hashtag, created_at, created_by, modified_at, modified_by) values ('id2', 'Maecenas leo odio, condimentum id, luctus nec, molestie sed, justo.', 'Vestibulum sed magna at nunc commodo placerat.', 'Red', '2022-09-15 07:17:34', 'Mercy', '2022-11-29 21:45:22', 'Sella');
insert into article (user_id, title, content, hashtag, created_at, created_by, modified_at, modified_by) values ('id1', 'Praesent blandit.', 'Cras non velit nec nisi vulputate nonummy.', 'Aquamarine', '2022-10-05 20:16:15', 'Dean', '2022-04-23 15:00:21', 'Kirsteni');
insert into article (user_id, title, content, hashtag, created_at, created_by, modified_at, modified_by) values ('id1', 'Mauris lacinia sapien quis libero.', 'Morbi ut odio.', 'Turquoise', '2022-03-10 08:37:41', 'Lenee', '2022-11-06 14:00:04', 'Montague');
insert into article (user_id, title, content, hashtag, created_at, created_by, modified_at, modified_by) values ('id3', 'Morbi sem mauris, laoreet ut, rhoncus aliquet, pulvinar sed, nisl.', 'Etiam vel augue.', null, '2022-01-15 15:25:28', 'Kevan', '2022-07-06 14:26:52', 'Mill');
insert into article (user_id, title, content, hashtag, created_at, created_by, modified_at, modified_by) values ('id2', 'Nullam varius.', 'Integer ac leo.', 'Indigo', '2022-10-02 18:32:02', 'Eduino', '2022-05-05 13:49:10', 'Maggy');
insert into article (user_id, title, content, hashtag, created_at, created_by, modified_at, modified_by) values ('id1', 'Suspendisse potenti.', 'Cras mi pede, malesuada in, imperdiet et, commodo vulputate, justo.', 'Maroon', '2022-04-04 22:47:36', 'Gustav', '2022-10-26 03:54:00', 'Hyacinthia');
insert into article (user_id, title, content, hashtag, created_at, created_by, modified_at, modified_by) values ('id2', 'Curabitur at ipsum ac tellus semper interdum.', 'Fusce lacus purus, aliquet at, feugiat non, pretium quis, lectus.', 'Crimson', '2022-05-20 10:46:42', 'Gilberte', '2022-07-06 12:47:02', 'Phyllis');
insert into article (user_id, title, content, hashtag, created_at, created_by, modified_at, modified_by) values ('id1', 'Etiam faucibus cursus urna.', 'Curabitur convallis.', 'Maroon', '2022-05-03 07:39:40', 'Else', '2022-02-04 13:34:09', 'Sela');
insert into article (user_id, title, content, hashtag, created_at, created_by, modified_at, modified_by) values ('id2', 'Vivamus vel nulla eget eros elementum pellentesque.', 'Nullam sit amet turpis elementum ligula vehicula consequat.', null, '2022-06-28 11:34:14', 'Patrick', '2022-06-21 14:04:45', 'Eziechiele');
insert into article (user_id, title, content, hashtag, created_at, created_by, modified_at, modified_by) values ('id1', 'Praesent lectus.', 'Quisque id justo sit amet sapien dignissim vestibulum.', 'Indigo', '2022-08-27 11:40:23', 'Evvy', '2022-03-12 04:20:08', 'Leda');
insert into article (user_id, title, content, hashtag, created_at, created_by, modified_at, modified_by) values ('id1', 'Ut tellus.', 'Quisque erat eros, viverra eget, congue eget, semper rutrum, nulla.', 'Mauv', '2022-05-18 12:00:39', 'Tobie', '2021-12-29 15:27:56', 'Virgie');
insert into article (user_id, title, content, hashtag, created_at, created_by, modified_at, modified_by) values ('id2', 'Aliquam quis turpis eget elit sodales scelerisque.', 'Fusce lacus purus, aliquet at, feugiat non, pretium quis, lectus.', 'Aquamarine', '2022-05-04 11:03:17', 'Harlen', '2022-12-24 16:11:45', 'Cele');
insert into article (user_id, title, content, hashtag, created_at, created_by, modified_at, modified_by) values ('id2', 'Fusce congue, diam id ornare imperdiet, sapien urna pretium nisl, ut volutpat sapien arcu sed augue.', 'Maecenas tincidunt lacus at velit.', 'Orange', '2022-09-06 03:27:41', 'Edmon', '2022-11-29 13:02:19', 'Redd');
insert into article (user_id, title, content, hashtag, created_at, created_by, modified_at, modified_by) values ('id3', 'Integer tincidunt ante vel ipsum.', 'Vivamus tortor.', 'Goldenrod', '2022-03-08 13:01:17', 'Frankie', '2022-02-18 08:15:27', 'Emalia');
insert into article (user_id, title, content, hashtag, created_at, created_by, modified_at, modified_by) values ('id2', 'Nam tristique tortor eu pede.', 'Nullam orci pede, venenatis non, sodales sed, tincidunt eu, felis.', 'Purple', '2022-07-21 11:59:46', 'Sula', '2022-02-17 22:02:05', 'Kizzie');
insert into article (user_id, title, content, hashtag, created_at, created_by, modified_at, modified_by) values ('id1', 'Aenean auctor gravida sem.', 'Nullam porttitor lacus at turpis.', 'Turquoise', '2022-08-19 23:43:56', 'Ray', '2022-07-10 05:12:35', 'Lyman');
insert into article (user_id, title, content, hashtag, created_at, created_by, modified_at, modified_by) values ('id2', 'Maecenas tristique, est et tempus semper, est quam pharetra magna, ac consequat metus sapien ut nunc.', 'Vestibulum ante ipsum primis in faucibus orci luctus et ultrices posuere cubilia Curae; Nulla dapibus dolor vel est.', 'Red', '2022-07-27 18:50:41', 'Carrissa', '2022-10-12 18:04:48', 'Pearle');
insert into article (user_id, title, content, hashtag, created_at, created_by, modified_at, modified_by) values ('id1', 'Morbi non lectus.', 'Nam dui.', 'Crimson', '2022-03-09 22:16:26', 'Reggis', '2022-07-09 06:15:54', 'Aron');
insert into article (user_id, title, content, hashtag, created_at, created_by, modified_at, modified_by) values ('id2', 'Proin risus.', 'Suspendisse potenti.', 'Khaki', '2022-08-28 10:13:47', 'Garnet', '2022-05-07 08:58:31', 'Alane');
insert into article (user_id, title, content, hashtag, created_at, created_by, modified_at, modified_by) values ('id2', 'Integer ac leo.', 'Vestibulum ante ipsum primis in faucibus orci luctus et ultrices posuere cubilia Curae; Donec pharetra, magna vestibulum aliquet ultrices, erat tortor sollicitudin mi, sit amet lobortis sapien sapien non mi.', 'Red', '2022-05-10 13:54:19', 'Byram', '2022-01-19 15:52:05', 'Daile');
insert into article (user_id, title, content, hashtag, created_at, created_by, modified_at, modified_by) values ('id1', 'Donec quis orci eget orci vehicula condimentum.', 'Duis bibendum, felis sed interdum venenatis, turpis enim blandit mi, in porttitor pede justo eu massa.', 'Red', '2022-10-26 09:46:24', 'Marie-ann', '2022-01-28 01:06:56', 'Durand');
insert into article (user_id, title, content, hashtag, created_at, created_by, modified_at, modified_by) values ('id3', 'Praesent id massa id nisl venenatis lacinia.', 'Sed sagittis.', 'Orange', '2022-12-07 00:42:04', 'Kim', '2022-05-03 21:36:29', 'Gwyneth');
insert into article (user_id, title, content, hashtag, created_at, created_by, modified_at, modified_by) values ('id2', 'Aenean auctor gravida sem.', 'Nam tristique tortor eu pede.', 'Yellow', '2022-09-26 09:32:55', 'Valry', '2022-01-24 05:31:12', 'Hasty');
insert into article (user_id, title, content, hashtag, created_at, created_by, modified_at, modified_by) values ('id3', 'Cras non velit nec nisi vulputate nonummy.', 'Fusce lacus purus, aliquet at, feugiat non, pretium quis, lectus.', 'Green', '2022-05-01 10:52:09', 'Manya', '2022-05-16 14:25:59', 'Alvie');
insert into article (user_id, title, content, hashtag, created_at, created_by, modified_at, modified_by) values ('id1', 'Fusce consequat.', 'Vestibulum sed magna at nunc commodo placerat.', 'Orange', '2022-02-03 11:24:57', 'Lenci', '2022-10-16 04:46:33', 'Worthy');
insert into article (user_id, title, content, hashtag, created_at, created_by, modified_at, modified_by) values ('id3', 'Donec posuere metus vitae ipsum.', 'Cras pellentesque volutpat dui.', 'Violet', '2022-03-29 15:23:31', 'Hamlen', '2022-11-12 18:51:51', 'Marley');
insert into article (user_id, title, content, hashtag, created_at, created_by, modified_at, modified_by) values ('id1', 'Vivamus vel nulla eget eros elementum pellentesque.', 'Aliquam augue quam, sollicitudin vitae, consectetuer eget, rutrum at, lorem.', 'Pink', '2022-03-09 03:15:28', 'Kimmy', '2022-12-26 17:44:56', 'Seth');
insert into article (user_id, title, content, hashtag, created_at, created_by, modified_at, modified_by) values ('id2', 'Duis bibendum, felis sed interdum venenatis, turpis enim blandit mi, in porttitor pede justo eu massa.', 'Phasellus id sapien in sapien iaculis congue.', 'Goldenrod', '2022-12-13 22:00:38', 'Frankie', '2022-04-17 14:27:14', 'Joyce');
insert into article (user_id, title, content, hashtag, created_at, created_by, modified_at, modified_by) values ('id2', 'Vestibulum sed magna at nunc commodo placerat.', 'Vestibulum ante ipsum primis in faucibus orci luctus et ultrices posuere cubilia Curae; Donec pharetra, magna vestibulum aliquet ultrices, erat tortor sollicitudin mi, sit amet lobortis sapien sapien non mi.', null, '2022-05-10 01:23:50', 'Whitney', '2022-07-03 23:29:06', 'Pierce');
insert into article (user_id, title, content, hashtag, created_at, created_by, modified_at, modified_by) values ('id1', 'Vestibulum ac est lacinia nisi venenatis tristique.', 'Suspendisse potenti.', 'Maroon', '2022-05-14 14:27:12', 'Allx', '2022-03-17 06:53:51', 'Giorgio');
insert into article (user_id, title, content, hashtag, created_at, created_by, modified_at, modified_by) values ('id3', 'Donec ut mauris eget massa tempor convallis.', 'In hac habitasse platea dictumst.', null, '2022-05-31 21:17:26', 'Alaster', '2022-12-16 10:57:51', 'Jessi');
insert into article (user_id, title, content, hashtag, created_at, created_by, modified_at, modified_by) values ('id3', 'Proin eu mi.', 'Donec dapibus.', 'Orange', '2022-08-24 01:15:14', 'Tansy', '2022-02-19 12:49:43', 'Honey');
insert into article (user_id, title, content, hashtag, created_at, created_by, modified_at, modified_by) values ('id2', 'Pellentesque viverra pede ac diam.', 'Curabitur gravida nisi at nibh.', 'Green', '2022-08-14 13:38:57', 'Shurlocke', '2022-08-07 22:07:33', 'Dionisio');
insert into article (user_id, title, content, hashtag, created_at, created_by, modified_at, modified_by) values ('id2', 'Morbi quis tortor id nulla ultrices aliquet.', 'Curabitur convallis.', 'Purple', '2022-09-18 16:51:09', 'Alyda', '2022-01-02 09:48:40', 'Port');
insert into article (user_id, title, content, hashtag, created_at, created_by, modified_at, modified_by) values ('id3', 'Vestibulum ante ipsum primis in faucibus orci luctus et ultrices posuere cubilia Curae; Nulla dapibus dolor vel est.', 'In tempor, turpis nec euismod scelerisque, quam turpis adipiscing lorem, vitae mattis nibh ligula nec sem.', 'Red', '2022-02-17 22:14:50', 'Elysee', '2022-09-08 07:05:45', 'Joelly');
insert into article (user_id, title, content, hashtag, created_at, created_by, modified_at, modified_by) values ('id3', 'Morbi non lectus.', 'Quisque porta volutpat erat.', 'Orange', '2022-02-25 04:58:46', 'Eben', '2022-08-10 05:44:20', 'Brew');
insert into article (user_id, title, content, hashtag, created_at, created_by, modified_at, modified_by) values ('id2', 'Mauris ullamcorper purus sit amet nulla.', 'Morbi vel lectus in quam fringilla rhoncus.', null, '2022-10-18 12:22:19', 'Carol', '2022-10-25 07:50:51', 'Junette');
insert into article (user_id, title, content, hashtag, created_at, created_by, modified_at, modified_by) values ('id2', 'Integer ac neque.', 'Duis aliquam convallis nunc.', null, '2022-07-05 06:09:16', 'Dayna', '2022-06-29 06:01:49', 'Laverna');
insert into article (user_id, title, content, hashtag, created_at, created_by, modified_at, modified_by) values ('id2', 'Nullam orci pede, venenatis non, sodales sed, tincidunt eu, felis.', 'Donec odio justo, sollicitudin ut, suscipit a, feugiat et, eros.', 'Purple', '2022-05-21 15:02:49', 'Rhetta', '2022-08-07 23:30:51', 'Theodoric');
insert into article (user_id, title, content, hashtag, created_at, created_by, modified_at, modified_by) values ('id3', 'Duis bibendum, felis sed interdum venenatis, turpis enim blandit mi, in porttitor pede justo eu massa.', 'Sed accumsan felis.', 'Teal', '2022-06-18 11:16:02', 'Say', '2022-04-15 16:59:34', 'Rosa');
insert into article (user_id, title, content, hashtag, created_at, created_by, modified_at, modified_by) values ('id2', 'Phasellus id sapien in sapien iaculis congue.', 'Integer a nibh.', null, '2022-01-26 10:00:54', 'Evelina', '2022-02-19 08:18:06', 'Colver');
insert into article (user_id, title, content, hashtag, created_at, created_by, modified_at, modified_by) values ('id3', 'Morbi a ipsum.', 'Vestibulum sed magna at nunc commodo placerat.', 'Khaki', '2022-09-22 02:31:19', 'Aloin', '2022-11-30 03:29:16', 'Verile');
insert into article (user_id, title, content, hashtag, created_at, created_by, modified_at, modified_by) values ('id1', 'Proin eu mi.', 'In blandit ultrices enim.', 'Aquamarine', '2022-06-17 15:28:43', 'Franklin', '2022-06-05 17:31:24', 'Jonathan');
insert into article (user_id, title, content, hashtag, created_at, created_by, modified_at, modified_by) values ('id3', 'Cum sociis natoque penatibus et magnis dis parturient montes, nascetur ridiculus mus.', 'Fusce posuere felis sed lacus.', 'Turquoise', '2022-09-01 13:57:21', 'Egor', '2022-08-28 21:51:19', 'Royal');
insert into article (user_id, title, content, hashtag, created_at, created_by, modified_at, modified_by) values ('id2', 'Nullam sit amet turpis elementum ligula vehicula consequat.', 'Nulla nisl.', 'Turquoise', '2022-04-28 18:34:37', 'Rozelle', '2022-02-01 01:38:43', 'Nicola');
insert into article (user_id, title, content, hashtag, created_at, created_by, modified_at, modified_by) values ('id3', 'Maecenas tincidunt lacus at velit.', 'Vivamus vestibulum sagittis sapien.', 'Puce', '2022-07-12 08:26:03', 'Isadora', '2022-10-20 13:55:38', 'Charita');
insert into article (user_id, title, content, hashtag, created_at, created_by, modified_at, modified_by) values ('id3', 'Suspendisse ornare consequat lectus.', 'Praesent lectus.', 'Mauv', '2022-05-02 19:00:36', 'Kath', '2022-08-31 08:22:28', 'Flor');
insert into article (user_id, title, content, hashtag, created_at, created_by, modified_at, modified_by) values ('id3', 'Integer aliquet, massa id lobortis convallis, tortor risus dapibus augue, vel accumsan tellus nisi eu orci.', 'Pellentesque ultrices mattis odio.', 'Turquoise', '2022-01-13 12:48:46', 'Hattie', '2022-02-18 02:23:47', 'Hetti');
insert into article (user_id, title, content, hashtag, created_at, created_by, modified_at, modified_by) values ('id1', 'Morbi non lectus.', 'Nulla justo.', 'Goldenrod', '2022-03-12 02:36:09', 'Kali', '2022-05-10 02:32:13', 'Freedman');
insert into article (user_id, title, content, hashtag, created_at, created_by, modified_at, modified_by) values ('id3', 'Cum sociis natoque penatibus et magnis dis parturient montes, nascetur ridiculus mus.', 'Morbi porttitor lorem id ligula.', null, '2022-08-14 09:33:17', 'Maxie', '2022-10-09 09:25:53', 'Cordie');
insert into article (user_id, title, content, hashtag, created_at, created_by, modified_at, modified_by) values ('id2', 'Fusce congue, diam id ornare imperdiet, sapien urna pretium nisl, ut volutpat sapien arcu sed augue.', 'Vestibulum ante ipsum primis in faucibus orci luctus et ultrices posuere cubilia Curae; Duis faucibus accumsan odio.', 'Violet', '2022-10-02 10:38:37', 'Melody', '2022-06-26 02:34:48', 'Rance');
insert into article (user_id, title, content, hashtag, created_at, created_by, modified_at, modified_by) values ('id2', 'Mauris ullamcorper purus sit amet nulla.', 'Proin at turpis a pede posuere nonummy.', 'Indigo', '2022-05-13 02:22:30', 'Uriel', '2022-11-09 16:09:51', 'Audrye');
insert into article (user_id, title, content, hashtag, created_at, created_by, modified_at, modified_by) values ('id3', 'Fusce consequat.', 'Integer ac neque.', 'Red', '2022-07-12 10:58:12', 'Ammamaria', '2022-02-03 06:59:41', 'Heywood');
insert into article (user_id, title, content, hashtag, created_at, created_by, modified_at, modified_by) values ('id2', 'Suspendisse potenti.', 'Sed sagittis.', null, '2022-02-11 21:03:23', 'Silvan', '2022-02-01 12:27:52', 'Beale');
insert into article (user_id, title, content, hashtag, created_at, created_by, modified_at, modified_by) values ('id3', 'Aenean sit amet justo.', 'Nunc purus.', 'Maroon', '2022-09-07 06:02:05', 'Moira', '2022-11-11 19:13:00', 'Stavro');
insert into article (user_id, title, content, hashtag, created_at, created_by, modified_at, modified_by) values ('id2', 'Sed accumsan felis.', 'Cras pellentesque volutpat dui.', 'Indigo', '2022-02-09 19:59:33', 'Chickie', '2022-01-20 12:44:24', 'Luelle');
insert into article (user_id, title, content, hashtag, created_at, created_by, modified_at, modified_by) values ('id2', 'Quisque ut erat.', 'Sed ante.', 'Violet', '2022-07-08 23:44:56', 'Jillian', '2022-07-19 06:18:22', 'Julissa');
insert into article (user_id, title, content, hashtag, created_at, created_by, modified_at, modified_by) values ('id1', 'Duis bibendum, felis sed interdum venenatis, turpis enim blandit mi, in porttitor pede justo eu massa.', 'Suspendisse potenti.', 'Pink', '2022-12-10 09:50:43', 'Alidia', '2022-06-20 09:45:07', 'Adolpho');
insert into article (user_id, title, content, hashtag, created_at, created_by, modified_at, modified_by) values ('id3', 'Aenean auctor gravida sem.', 'Integer a nibh.', 'Indigo', '2022-07-23 07:36:02', 'Tani', '2022-01-01 20:35:30', 'Jo-anne');
insert into article (user_id, title, content, hashtag, created_at, created_by, modified_at, modified_by) values ('id3', 'Vivamus in felis eu sapien cursus vestibulum.', 'Donec odio justo, sollicitudin ut, suscipit a, feugiat et, eros.', null, '2022-03-17 22:01:03', 'Merle', '2022-06-05 19:52:40', 'Bernhard');
insert into article (user_id, title, content, hashtag, created_at, created_by, modified_at, modified_by) values ('id2', 'Nulla mollis molestie lorem.', 'Vestibulum rutrum rutrum neque.', 'Pink', '2022-01-08 10:20:14', 'Aubine', '2022-01-11 05:31:07', 'Marylinda');
insert into article (user_id, title, content, hashtag, created_at, created_by, modified_at, modified_by) values ('id2', 'Nullam orci pede, venenatis non, sodales sed, tincidunt eu, felis.', 'Maecenas pulvinar lobortis est.', 'Purple', '2022-04-01 22:47:10', 'Teirtza', '2022-06-13 22:00:15', 'Yule');
insert into article (user_id, title, content, hashtag, created_at, created_by, modified_at, modified_by) values ('id2', 'Proin risus.', 'Morbi porttitor lorem id ligula.', 'Crimson', '2022-07-08 02:48:14', 'Florie', '2022-02-24 05:53:36', 'Malinda');
insert into article (user_id, title, content, hashtag, created_at, created_by, modified_at, modified_by) values ('id1', 'Fusce congue, diam id ornare imperdiet, sapien urna pretium nisl, ut volutpat sapien arcu sed augue.', 'Duis aliquam convallis nunc.', 'Mauv', '2022-04-20 05:47:30', 'Mirabelle', '2022-10-31 14:31:21', 'Jan');
insert into article (user_id, title, content, hashtag, created_at, created_by, modified_at, modified_by) values ('id2', 'Aliquam sit amet diam in magna bibendum imperdiet.', 'Mauris ullamcorper purus sit amet nulla.', 'Aquamarine', '2022-05-07 23:09:49', 'Kirsten', '2022-02-19 15:27:28', 'Eve');
insert into article (user_id, title, content, hashtag, created_at, created_by, modified_at, modified_by) values ('id3', 'Mauris sit amet eros.', 'Nulla tellus.', 'Indigo', '2022-02-04 01:15:15', 'Con', '2022-11-28 01:01:31', 'Melody');
insert into article (user_id, title, content, hashtag, created_at, created_by, modified_at, modified_by) values ('id1', 'Nam dui.', 'Morbi non quam nec dui luctus rutrum.', 'Turquoise', '2022-02-06 00:15:22', 'Carlynn', '2022-03-10 11:07:44', 'Darrick');
insert into article (user_id, title, content, hashtag, created_at, created_by, modified_at, modified_by) values ('id1', 'Morbi non lectus.', 'Vivamus metus arcu, adipiscing molestie, hendrerit at, vulputate vitae, nisl.', null, '2022-08-29 08:28:53', 'Yardley', '2022-07-15 18:52:30', 'Jeramie');
insert into article (user_id, title, content, hashtag, created_at, created_by, modified_at, modified_by) values ('id1', 'Nam congue, risus semper porta volutpat, quam pede lobortis ligula, sit amet eleifend pede libero quis orci.', 'Aliquam sit amet diam in magna bibendum imperdiet.', 'Indigo', '2022-09-09 07:24:33', 'Serena', '2022-10-02 14:35:06', 'Fernanda');
insert into article (user_id, title, content, hashtag, created_at, created_by, modified_at, modified_by) values ('id3', 'Proin eu mi.', 'In hac habitasse platea dictumst.', 'Orange', '2022-01-04 22:48:13', 'Zoe', '2022-04-16 05:34:06', 'Cassius');
insert into article (user_id, title, content, hashtag, created_at, created_by, modified_at, modified_by) values ('id1', 'Nullam porttitor lacus at turpis.', 'Aliquam erat volutpat.', null, '2022-06-13 05:16:48', 'Gwenny', '2022-05-08 10:55:21', 'Dmitri');
insert into article (user_id, title, content, hashtag, created_at, created_by, modified_at, modified_by) values ('id1', 'Vivamus vestibulum sagittis sapien.', 'Duis bibendum, felis sed interdum venenatis, turpis enim blandit mi, in porttitor pede justo eu massa.', 'Yellow', '2022-12-07 03:52:43', 'Hannie', '2022-12-14 21:10:24', 'Pascal');
insert into article (user_id, title, content, hashtag, created_at, created_by, modified_at, modified_by) values ('id2', 'Nulla ac enim.', 'Nulla mollis molestie lorem.', 'Fuscia', '2022-03-10 03:28:33', 'Linnie', '2022-07-19 04:21:13', 'Mureil');
insert into article (user_id, title, content, hashtag, created_at, created_by, modified_at, modified_by) values ('id3', 'Vivamus metus arcu, adipiscing molestie, hendrerit at, vulputate vitae, nisl.', 'Sed sagittis.', 'Goldenrod', '2022-10-23 19:57:55', 'Abran', '2022-02-21 21:53:47', 'Alexa');
insert into article (user_id, title, content, hashtag, created_at, created_by, modified_at, modified_by) values ('id3', 'Vestibulum ac est lacinia nisi venenatis tristique.', 'Nulla justo.', 'Violet', '2022-11-01 19:58:35', 'Sandye', '2022-09-26 09:09:02', 'Carmine');
insert into article (user_id, title, content, hashtag, created_at, created_by, modified_at, modified_by) values ('id1', 'Vestibulum sed magna at nunc commodo placerat.', 'Sed accumsan felis.', 'Blue', '2022-03-20 20:35:58', 'Cleon', '2022-04-16 13:50:45', 'Curtice');
insert into article (user_id, title, content, hashtag, created_at, created_by, modified_at, modified_by) values ('id3', 'Nulla ac enim.', 'Donec ut mauris eget massa tempor convallis.', null, '2022-07-14 07:57:59', 'Kala', '2022-07-26 07:33:41', 'Dorine');
insert into article (user_id, title, content, hashtag, created_at, created_by, modified_at, modified_by) values ('id3', 'Vestibulum sed magna at nunc commodo placerat.', 'Phasellus sit amet erat.', 'Indigo', '2022-08-04 03:37:27', 'Kent', '2022-10-18 05:18:20', 'Calla');
insert into article (user_id, title, content, hashtag, created_at, created_by, modified_at, modified_by) values ('id1', 'Vestibulum ante ipsum primis in faucibus orci luctus et ultrices posuere cubilia Curae; Nulla dapibus dolor vel est.', 'Quisque id justo sit amet sapien dignissim vestibulum.', 'Pink', '2022-09-13 15:09:05', 'Dorthy', '2022-05-21 16:56:06', 'Karim');
insert into article (user_id, title, content, hashtag, created_at, created_by, modified_at, modified_by) values ('id1', 'Cum sociis natoque penatibus et magnis dis parturient montes, nascetur ridiculus mus.', 'Nulla neque libero, convallis eget, eleifend luctus, ultricies eu, nibh.', 'Puce', '2022-10-14 07:54:56', 'Iago', '2022-06-30 23:40:39', 'Kendricks');
insert into article (user_id, title, content, hashtag, created_at, created_by, modified_at, modified_by) values ('id1', 'Duis at velit eu est congue elementum.', 'In congue.', null, '2022-01-20 05:15:39', 'Rodd', '2022-06-17 22:37:26', 'Everett');
insert into article (user_id, title, content, hashtag, created_at, created_by, modified_at, modified_by) values ('id3', 'Lorem ipsum dolor sit amet, consectetuer adipiscing elit.', 'Integer a nibh.', 'Yellow', '2022-11-17 17:47:27', 'Patrica', '2022-09-13 02:59:50', 'Blithe');
insert into article (user_id, title, content, hashtag, created_at, created_by, modified_at, modified_by) values ('id3', 'Fusce congue, diam id ornare imperdiet, sapien urna pretium nisl, ut volutpat sapien arcu sed augue.', 'Mauris enim leo, rhoncus sed, vestibulum sit amet, cursus id, turpis.', 'Yellow', '2022-08-21 23:22:44', 'Booth', '2022-12-06 18:37:37', 'Randall');
insert into article (user_id, title, content, hashtag, created_at, created_by, modified_at, modified_by) values ('id3', 'Nunc nisl.', 'Aliquam sit amet diam in magna bibendum imperdiet.', 'Green', '2022-09-30 17:19:49', 'Aurora', '2022-04-17 14:52:27', 'Vachel');
insert into article (user_id, title, content, hashtag, created_at, created_by, modified_at, modified_by) values ('id2', 'In tempor, turpis nec euismod scelerisque, quam turpis adipiscing lorem, vitae mattis nibh ligula nec sem.', 'In hac habitasse platea dictumst.', 'Crimson', '2022-08-04 10:14:25', 'Eugen', '2022-11-22 11:39:04', 'Jeanine');
insert into article (user_id, title, content, hashtag, created_at, created_by, modified_at, modified_by) values ('id2', 'Fusce lacus purus, aliquet at, feugiat non, pretium quis, lectus.', 'Integer ac neque.', null, '2022-07-30 10:06:14', 'Roberto', '2022-11-12 06:25:12', 'Silvie');
insert into article (user_id, title, content, hashtag, created_at, created_by, modified_at, modified_by) values ('id1', 'Duis at velit eu est congue elementum.', 'Curabitur gravida nisi at nibh.', null, '2022-12-13 19:12:43', 'Peyton', '2022-07-15 09:32:54', 'Sherm');
insert into article (user_id, title, content, hashtag, created_at, created_by, modified_at, modified_by) values ('id3', 'Morbi ut odio.', 'Quisque arcu libero, rutrum ac, lobortis vel, dapibus at, diam.', null, '2022-05-08 07:52:40', 'Tessa', '2022-07-18 20:52:33', 'Darya');
insert into article (user_id, title, content, hashtag, created_at, created_by, modified_at, modified_by) values ('id1', 'Sed accumsan felis.', 'Quisque erat eros, viverra eget, congue eget, semper rutrum, nulla.', 'Violet', '2022-03-03 15:32:32', 'Chicky', '2022-10-02 17:14:51', 'Chadwick');
insert into article (user_id, title, content, hashtag, created_at, created_by, modified_at, modified_by) values ('id2', 'Morbi non lectus.', 'Nam nulla.', 'Puce', '2022-10-02 19:47:24', 'Maryanna', '2022-07-19 23:33:37', 'Cristy');
insert into article (user_id, title, content, hashtag, created_at, created_by, modified_at, modified_by) values ('id3', 'Aenean auctor gravida sem.', 'In quis justo.', null, '2022-03-17 04:09:31', 'Roanna', '2022-06-09 01:59:03', 'Gaby');
insert into article (user_id, title, content, hashtag, created_at, created_by, modified_at, modified_by) values ('id2', 'Aliquam sit amet diam in magna bibendum imperdiet.', 'Nulla tellus.', 'Pink', '2022-06-08 06:02:12', 'Angelo', '2022-11-13 05:44:33', 'Cissiee');
insert into article (user_id, title, content, hashtag, created_at, created_by, modified_at, modified_by) values ('id3', 'Quisque arcu libero, rutrum ac, lobortis vel, dapibus at, diam.', 'Nunc rhoncus dui vel sem.', null, '2022-10-28 01:51:38', 'Correy', '2022-04-15 13:23:29', 'Fay');
insert into article (user_id, title, content, hashtag, created_at, created_by, modified_at, modified_by) values ('id3', 'Fusce consequat.', 'Morbi quis tortor id nulla ultrices aliquet.', 'Pink', '2022-09-23 13:18:27', 'Sibbie', '2022-07-12 01:28:19', 'Alasdair');
insert into article (user_id, title, content, hashtag, created_at, created_by, modified_at, modified_by) values ('id3', 'Duis bibendum.', 'Pellentesque eget nunc.', 'Goldenrod', '2022-07-22 11:48:05', 'Rockwell', '2022-08-28 23:48:45', 'Iseabal');
insert into article (user_id, title, content, hashtag, created_at, created_by, modified_at, modified_by) values ('id1', 'Phasellus sit amet erat.', 'Vestibulum quam sapien, varius ut, blandit non, interdum in, ante.', 'Mauv', '2022-02-06 21:34:08', 'Aube', '2022-12-12 09:19:12', 'Benedick');
insert into article (user_id, title, content, hashtag, created_at, created_by, modified_at, modified_by) values ('id2', 'Sed ante.', 'Aliquam augue quam, sollicitudin vitae, consectetuer eget, rutrum at, lorem.', null, '2022-03-18 04:44:45', 'Bernardina', '2022-06-08 18:21:29', 'Silvan');
insert into article (user_id, title, content, hashtag, created_at, created_by, modified_at, modified_by) values ('id3', 'Curabitur in libero ut massa volutpat convallis.', 'Duis ac nibh.', 'Goldenrod', '2022-02-01 11:08:06', 'Kerby', '2022-11-25 11:15:41', 'Brade');
insert into article (user_id, title, content, hashtag, created_at, created_by, modified_at, modified_by) values ('id3', 'Pellentesque viverra pede ac diam.', 'Suspendisse accumsan tortor quis turpis.', 'Crimson', '2022-05-10 11:48:08', 'Corey', '2022-04-04 18:21:39', 'Sophi');
insert into article (user_id, title, content, hashtag, created_at, created_by, modified_at, modified_by) values ('id1', 'Integer aliquet, massa id lobortis convallis, tortor risus dapibus augue, vel accumsan tellus nisi eu orci.', 'Etiam pretium iaculis justo.', 'Orange', '2022-12-17 13:45:01', 'Ulrich', '2022-02-17 01:11:52', 'Katine');
insert into article (user_id, title, content, hashtag, created_at, created_by, modified_at, modified_by) values ('id3', 'Sed accumsan felis.', 'Aliquam augue quam, sollicitudin vitae, consectetuer eget, rutrum at, lorem.', 'Goldenrod', '2022-02-17 21:30:52', 'Murdoch', '2022-04-11 00:01:49', 'Lilla');
insert into article (user_id, title, content, hashtag, created_at, created_by, modified_at, modified_by) values ('id2', 'Vivamus vel nulla eget eros elementum pellentesque.', 'Quisque id justo sit amet sapien dignissim vestibulum.', 'Green', '2022-11-16 17:10:23', 'Giusto', '2022-10-14 18:14:02', 'Florry');
insert into article (user_id, title, content, hashtag, created_at, created_by, modified_at, modified_by) values ('id1', 'Donec odio justo, sollicitudin ut, suscipit a, feugiat et, eros.', 'Quisque erat eros, viverra eget, congue eget, semper rutrum, nulla.', 'Blue', '2022-09-14 05:22:46', 'Penrod', '2022-10-19 15:29:42', 'Edouard');
insert into article (user_id, title, content, hashtag, created_at, created_by, modified_at, modified_by) values ('id1', 'Integer ac neque.', 'Integer non velit.', null, '2022-11-25 02:50:03', 'Phillie', '2022-05-29 09:52:02', 'Kerrill');

insert into article_comment (article_id, user_id, content, created_at, created_by, modified_at, modified_by) values (24, 'id3', 'Morbi ut odio.', '2022-12-14 18:21:23', 'Raleigh', '2022-10-03 03:38:52', 'Stacy');
insert into article_comment (article_id, user_id, content, created_at, created_by, modified_at, modified_by) values (44, 'id2', 'Morbi a ipsum.', '2022-09-11 20:45:04', 'Valida', '2022-09-09 20:15:47', 'Mirna');
insert into article_comment (article_id, user_id, content, created_at, created_by, modified_at, modified_by) values (85, 'id2', 'Nulla nisl.', '2022-04-15 07:07:28', 'Vanda', '2022-07-31 18:22:26', 'Kellia');
insert into article_comment (article_id, user_id, content, created_at, created_by, modified_at, modified_by) values (4, 'id1', 'Sed ante.', '2022-01-21 02:02:14', 'Terri', '2022-01-15 10:45:56', 'Elysha');
insert into article_comment (article_id, user_id, content, created_at, created_by, modified_at, modified_by) values (98, 'id3', 'Pellentesque ultrices mattis odio.', '2022-11-09 21:44:45', 'Axel', '2022-12-19 11:59:54', 'Tripp');
insert into article_comment (article_id, user_id, content, created_at, created_by, modified_at, modified_by) values (34, 'id1', 'Morbi vel lectus in quam fringilla rhoncus.', '2022-12-04 09:08:55', 'Clareta', '2022-10-31 14:04:20', 'Vince');
insert into article_comment (article_id, user_id, content, created_at, created_by, modified_at, modified_by) values (115, 'id2', 'Lorem ipsum dolor sit amet, consectetuer adipiscing elit.', '2022-04-12 16:01:38', 'Bendite', '2022-12-10 23:32:48', 'Jillie');
insert into article_comment (article_id, user_id, content, created_at, created_by, modified_at, modified_by) values (93, 'id1', 'Phasellus in felis.', '2022-01-13 22:18:03', 'Louie', '2022-05-07 03:44:05', 'Leonhard');
insert into article_comment (article_id, user_id, content, created_at, created_by, modified_at, modified_by) values (12, 'id2', 'Vestibulum ac est lacinia nisi venenatis tristique.', '2022-10-14 14:43:34', 'Marwin', '2022-05-14 20:47:06', 'Clarance');
insert into article_comment (article_id, user_id, content, created_at, created_by, modified_at, modified_by) values (56, 'id3', 'Duis at velit eu est congue elementum.', '2022-06-28 18:49:05', 'Charleen', '2022-03-16 03:44:44', 'Dael');
insert into article_comment (article_id, user_id, content, created_at, created_by, modified_at, modified_by) values (27, 'id1', 'Mauris sit amet eros.', '2022-07-26 05:11:27', 'Oswell', '2022-07-11 03:04:37', 'Kellby');
insert into article_comment (article_id, user_id, content, created_at, created_by, modified_at, modified_by) values (47, 'id1', 'Lorem ipsum dolor sit amet, consectetuer adipiscing elit.', '2022-09-22 12:36:10', 'Farleigh', '2022-11-21 10:19:36', 'Paule');
insert into article_comment (article_id, user_id, content, created_at, created_by, modified_at, modified_by) values (82, 'id3', 'Vivamus vestibulum sagittis sapien.', '2022-07-05 01:11:46', 'Tracie', '2022-01-24 01:03:21', 'Armando');
insert into article_comment (article_id, user_id, content, created_at, created_by, modified_at, modified_by) values (68, 'id2', 'In congue.', '2022-10-05 08:34:08', 'Constancia', '2022-11-05 04:18:12', 'Porter');
insert into article_comment (article_id, user_id, content, created_at, created_by, modified_at, modified_by) values (39, 'id3', 'Fusce congue, diam id ornare imperdiet, sapien urna pretium nisl, ut volutpat sapien arcu sed augue.', '2022-07-12 18:36:06', 'Peterus', '2022-07-11 05:58:20', 'Marketa');
insert into article_comment (article_id, user_id, content, created_at, created_by, modified_at, modified_by) values (117, 'id2', 'Fusce lacus purus, aliquet at, feugiat non, pretium quis, lectus.', '2022-07-03 05:58:03', 'Baird', '2022-12-08 01:50:21', 'Tiler');
insert into article_comment (article_id, user_id, content, created_at, created_by, modified_at, modified_by) values (14, 'id3', 'In congue.', '2022-05-20 09:56:38', 'Emelina', '2022-09-28 05:20:51', 'Lucinda');
insert into article_comment (article_id, user_id, content, created_at, created_by, modified_at, modified_by) values (6, 'id1', 'In hac habitasse platea dictumst.', '2022-10-26 08:56:29', 'Elissa', '2022-08-19 23:27:53', 'Stirling');
insert into article_comment (article_id, user_id, content, created_at, created_by, modified_at, modified_by) values (104, 'id1', 'Vivamus vel nulla eget eros elementum pellentesque.', '2022-09-05 20:52:46', 'Jennine', '2022-12-14 19:12:59', 'Karena');
insert into article_comment (article_id, user_id, content, created_at, created_by, modified_at, modified_by) values (35, 'id1', 'Pellentesque viverra pede ac diam.', '2022-11-27 21:03:41', 'Ailis', '2022-11-12 09:47:21', 'Shandie');
insert into article_comment (article_id, user_id, content, created_at, created_by, modified_at, modified_by) values (73, 'id2', 'Quisque erat eros, viverra eget, congue eget, semper rutrum, nulla.', '2022-10-14 01:14:06', 'Langston', '2022-08-09 09:53:08', 'Brunhilde');
insert into article_comment (article_id, user_id, content, created_at, created_by, modified_at, modified_by) values (30, 'id1', 'Cum sociis natoque penatibus et magnis dis parturient montes, nascetur ridiculus mus.', '2022-05-06 06:15:08', 'Israel', '2022-02-12 04:03:51', 'Garret');
insert into article_comment (article_id, user_id, content, created_at, created_by, modified_at, modified_by) values (108, 'id3', 'Phasellus id sapien in sapien iaculis congue.', '2022-07-14 06:06:54', 'Toddy', '2022-05-16 18:43:55', 'Toddie');
insert into article_comment (article_id, user_id, content, created_at, created_by, modified_at, modified_by) values (77, 'id2', 'Nam nulla.', '2022-05-01 11:18:40', 'Kate', '2022-07-05 03:55:42', 'Ursa');
insert into article_comment (article_id, user_id, content, created_at, created_by, modified_at, modified_by) values (102, 'id1', 'Nunc rhoncus dui vel sem.', '2022-09-21 18:15:10', 'Michell', '2022-01-28 18:24:34', 'Gus');
insert into article_comment (article_id, user_id, content, created_at, created_by, modified_at, modified_by) values (24, 'id3', 'Integer ac neque.', '2022-08-04 23:15:23', 'Katharine', '2022-10-27 19:48:41', 'Claudianus');
insert into article_comment (article_id, user_id, content, created_at, created_by, modified_at, modified_by) values (36, 'id3', 'Nulla tellus.', '2022-11-12 05:39:15', 'Huntington', '2022-11-04 15:59:56', 'Janelle');
insert into article_comment (article_id, user_id, content, created_at, created_by, modified_at, modified_by) values (38, 'id3', 'Fusce posuere felis sed lacus.', '2022-03-12 00:16:16', 'Jasen', '2022-01-15 08:44:07', 'Donal');
insert into article_comment (article_id, user_id, content, created_at, created_by, modified_at, modified_by) values (78, 'id3', 'In hac habitasse platea dictumst.', '2022-05-27 06:15:36', 'Margareta', '2022-12-08 01:26:59', 'Freddie');
insert into article_comment (article_id, user_id, content, created_at, created_by, modified_at, modified_by) values (87, 'id1', 'Nullam porttitor lacus at turpis.', '2022-06-06 19:36:39', 'Kane', '2022-10-19 08:16:34', 'Clarinda');
insert into article_comment (article_id, user_id, content, created_at, created_by, modified_at, modified_by) values (33, 'id3', 'Nulla neque libero, convallis eget, eleifend luctus, ultricies eu, nibh.', '2022-11-07 16:16:43', 'Ansell', '2022-03-31 13:32:15', 'Mame');
insert into article_comment (article_id, user_id, content, created_at, created_by, modified_at, modified_by) values (52, 'id1', 'Integer pede justo, lacinia eget, tincidunt eget, tempus vel, pede.', '2022-04-08 09:57:18', 'Virgil', '2022-12-09 13:10:14', 'Marsh');
insert into article_comment (article_id, user_id, content, created_at, created_by, modified_at, modified_by) values (21, 'id3', 'Morbi odio odio, elementum eu, interdum eu, tincidunt in, leo.', '2022-04-25 06:34:55', 'Burton', '2022-07-01 01:27:58', 'Christiana');
insert into article_comment (article_id, user_id, content, created_at, created_by, modified_at, modified_by) values (11, 'id2', 'Suspendisse potenti.', '2022-11-25 02:16:49', 'Rickie', '2022-06-27 11:45:21', 'Daisey');
insert into article_comment (article_id, user_id, content, created_at, created_by, modified_at, modified_by) values (29, 'id1', 'Vestibulum ante ipsum primis in faucibus orci luctus et ultrices posuere cubilia Curae; Mauris viverra diam vitae quam.', '2022-08-10 22:04:24', 'Krystal', '2022-03-10 01:27:03', 'Charisse');
insert into article_comment (article_id, user_id, content, created_at, created_by, modified_at, modified_by) values (68, 'id2', 'Nulla suscipit ligula in lacus.', '2022-07-17 23:15:02', 'Hamish', '2022-03-23 03:45:07', 'Omero');
insert into article_comment (article_id, user_id, content, created_at, created_by, modified_at, modified_by) values (26, 'id1', 'Vestibulum quam sapien, varius ut, blandit non, interdum in, ante.', '2022-08-27 22:41:08', 'Farra', '2022-01-27 18:37:35', 'Lorenza');
insert into article_comment (article_id, user_id, content, created_at, created_by, modified_at, modified_by) values (73, 'id3', 'Fusce lacus purus, aliquet at, feugiat non, pretium quis, lectus.', '2022-03-11 21:16:14', 'Essa', '2022-07-23 05:09:44', 'Danika');
insert into article_comment (article_id, user_id, content, created_at, created_by, modified_at, modified_by) values (73, 'id2', 'Integer ac neque.', '2022-05-29 03:24:54', 'Truman', '2022-08-26 20:37:53', 'Rees');
insert into article_comment (article_id, user_id, content, created_at, created_by, modified_at, modified_by) values (29, 'id2', 'Mauris sit amet eros.', '2022-05-11 10:19:32', 'Ravi', '2022-09-30 05:58:08', 'Nikolos');
insert into article_comment (article_id, user_id, content, created_at, created_by, modified_at, modified_by) values (104, 'id1', 'Praesent blandit.', '2022-06-11 05:15:34', 'Reginauld', '2022-03-09 19:33:31', 'Huntlee');
insert into article_comment (article_id, user_id, content, created_at, created_by, modified_at, modified_by) values (101, 'id3', 'Integer ac neque.', '2022-01-03 19:01:46', 'Evangeline', '2022-12-17 02:03:08', 'Gerladina');
insert into article_comment (article_id, user_id, content, created_at, created_by, modified_at, modified_by) values (67, 'id2', 'Cum sociis natoque penatibus et magnis dis parturient montes, nascetur ridiculus mus.', '2022-01-02 05:38:26', 'Fredi', '2021-12-29 23:45:22', 'Bell');
insert into article_comment (article_id, user_id, content, created_at, created_by, modified_at, modified_by) values (63, 'id3', 'Quisque arcu libero, rutrum ac, lobortis vel, dapibus at, diam.', '2022-03-20 21:27:31', 'Amaleta', '2022-08-29 14:12:07', 'Goldia');
insert into article_comment (article_id, user_id, content, created_at, created_by, modified_at, modified_by) values (89, 'id2', 'Aliquam augue quam, sollicitudin vitae, consectetuer eget, rutrum at, lorem.', '2022-06-03 05:01:38', 'Maurine', '2022-11-29 14:10:30', 'Joelly');
insert into article_comment (article_id, user_id, content, created_at, created_by, modified_at, modified_by) values (5, 'id2', 'Nullam varius.', '2022-08-31 22:00:07', 'Cesare', '2022-12-22 01:56:40', 'Nissie');
insert into article_comment (article_id, user_id, content, created_at, created_by, modified_at, modified_by) values (88, 'id2', 'Nulla nisl.', '2022-06-29 07:42:24', 'Maddy', '2022-12-21 22:52:44', 'Lib');
insert into article_comment (article_id, user_id, content, created_at, created_by, modified_at, modified_by) values (108, 'id1', 'Suspendisse potenti.', '2022-08-25 03:09:08', 'Tiler', '2022-05-01 01:44:37', 'Katrina');
insert into article_comment (article_id, user_id, content, created_at, created_by, modified_at, modified_by) values (91, 'id2', 'Nulla justo.', '2022-11-13 21:15:50', 'Harrietta', '2022-09-19 14:20:28', 'Elga');
insert into article_comment (article_id, user_id, content, created_at, created_by, modified_at, modified_by) values (50, 'id2', 'Phasellus id sapien in sapien iaculis congue.', '2022-10-20 03:41:37', 'Georgie', '2022-09-27 16:28:40', 'Wylie');
insert into article_comment (article_id, user_id, content, created_at, created_by, modified_at, modified_by) values (96, 'id1', 'Integer pede justo, lacinia eget, tincidunt eget, tempus vel, pede.', '2021-12-31 03:04:07', 'Mac', '2022-08-14 06:59:58', 'Jase');
insert into article_comment (article_id, user_id, content, created_at, created_by, modified_at, modified_by) values (36, 'id3', 'Ut at dolor quis odio consequat varius.', '2022-04-21 00:21:07', 'Barby', '2022-01-21 05:46:56', 'Cori');
insert into article_comment (article_id, user_id, content, created_at, created_by, modified_at, modified_by) values (25, 'id1', 'In est risus, auctor sed, tristique in, tempus sit amet, sem.', '2022-09-02 00:13:13', 'Emery', '2022-10-05 02:42:51', 'Lilian');
insert into article_comment (article_id, user_id, content, created_at, created_by, modified_at, modified_by) values (42, 'id1', 'Pellentesque eget nunc.', '2022-03-24 22:43:48', 'Lindsey', '2022-05-09 07:27:49', 'Heida');
insert into article_comment (article_id, user_id, content, created_at, created_by, modified_at, modified_by) values (111, 'id1', 'Morbi porttitor lorem id ligula.', '2022-04-22 14:18:57', 'Nananne', '2022-07-04 02:51:28', 'Sandro');
insert into article_comment (article_id, user_id, content, created_at, created_by, modified_at, modified_by) values (83, 'id1', 'In hac habitasse platea dictumst.', '2022-10-16 17:27:05', 'Corrie', '2022-11-20 10:36:34', 'Zeb');
insert into article_comment (article_id, user_id, content, created_at, created_by, modified_at, modified_by) values (72, 'id2', 'Duis ac nibh.', '2022-04-27 05:32:18', 'Brewer', '2022-01-20 03:28:18', 'Maud');
insert into article_comment (article_id, user_id, content, created_at, created_by, modified_at, modified_by) values (90, 'id3', 'Suspendisse ornare consequat lectus.', '2022-08-10 13:14:43', 'Tris', '2022-09-25 05:22:04', 'Tildi');
insert into article_comment (article_id, user_id, content, created_at, created_by, modified_at, modified_by) values (107, 'id3', 'Curabitur convallis.', '2022-06-29 15:27:01', 'Kristoffer', '2022-10-26 04:50:13', 'Beret');
insert into article_comment (article_id, user_id, content, created_at, created_by, modified_at, modified_by) values (49, 'id2', 'Vestibulum ante ipsum primis in faucibus orci luctus et ultrices posuere cubilia Curae; Mauris viverra diam vitae quam.', '2022-04-22 03:49:14', 'Drugi', '2022-04-02 06:33:19', 'Elwin');
insert into article_comment (article_id, user_id, content, created_at, created_by, modified_at, modified_by) values (26, 'id1', 'Quisque ut erat.', '2022-04-02 06:59:40', 'Karita', '2022-07-26 05:16:09', 'Klarika');
insert into article_comment (article_id, user_id, content, created_at, created_by, modified_at, modified_by) values (70, 'id2', 'Maecenas ut massa quis augue luctus tincidunt.', '2022-03-15 03:32:28', 'Lesya', '2022-03-20 21:49:43', 'Jilleen');
insert into article_comment (article_id, user_id, content, created_at, created_by, modified_at, modified_by) values (25, 'id1', 'Nunc nisl.', '2022-04-16 17:07:46', 'Clay', '2022-01-28 23:44:44', 'Luis');
insert into article_comment (article_id, user_id, content, created_at, created_by, modified_at, modified_by) values (49, 'id2', 'Mauris lacinia sapien quis libero.', '2022-10-10 22:21:52', 'Martha', '2022-01-10 21:34:07', 'Wilmer');
insert into article_comment (article_id, user_id, content, created_at, created_by, modified_at, modified_by) values (43, 'id2', 'Curabitur convallis.', '2022-07-31 05:51:46', 'Costa', '2022-01-18 01:15:48', 'Trip');
insert into article_comment (article_id, user_id, content, created_at, created_by, modified_at, modified_by) values (57, 'id1', 'Aliquam erat volutpat.', '2022-05-01 22:40:30', 'Ambrosio', '2022-12-25 11:20:19', 'Doralia');
insert into article_comment (article_id, user_id, content, created_at, created_by, modified_at, modified_by) values (82, 'id1', 'Integer ac leo.', '2022-12-07 13:02:07', 'Trudey', '2022-09-13 04:21:23', 'Malynda');
insert into article_comment (article_id, user_id, content, created_at, created_by, modified_at, modified_by) values (46, 'id2', 'Morbi vel lectus in quam fringilla rhoncus.', '2022-07-28 09:41:13', 'Yuri', '2022-10-12 18:32:35', 'Nara');
insert into article_comment (article_id, user_id, content, created_at, created_by, modified_at, modified_by) values (81, 'id1', 'Donec dapibus.', '2022-02-05 03:29:08', 'Raimund', '2022-02-01 03:35:45', 'Gonzalo');
insert into article_comment (article_id, user_id, content, created_at, created_by, modified_at, modified_by) values (86, 'id1', 'Suspendisse potenti.', '2022-04-23 23:34:03', 'Nada', '2022-12-14 17:28:25', 'Abe');
insert into article_comment (article_id, user_id, content, created_at, created_by, modified_at, modified_by) values (13, 'id2', 'Integer pede justo, lacinia eget, tincidunt eget, tempus vel, pede.', '2022-12-07 06:49:17', 'Jeanelle', '2022-11-15 00:30:05', 'Daphne');
insert into article_comment (article_id, user_id, content, created_at, created_by, modified_at, modified_by) values (2, 'id1', 'Nunc rhoncus dui vel sem.', '2022-06-21 16:13:35', 'Gnni', '2022-12-03 01:56:11', 'Marice');
insert into article_comment (article_id, user_id, content, created_at, created_by, modified_at, modified_by) values (38, 'id3', 'Vivamus metus arcu, adipiscing molestie, hendrerit at, vulputate vitae, nisl.', '2022-12-23 19:40:29', 'Edwin', '2022-09-29 00:50:36', 'Aurlie');
insert into article_comment (article_id, user_id, content, created_at, created_by, modified_at, modified_by) values (26, 'id3', 'Vivamus tortor.', '2022-01-10 06:02:42', 'Terese', '2022-02-12 01:28:38', 'Aubrey');
insert into article_comment (article_id, user_id, content, created_at, created_by, modified_at, modified_by) values (81, 'id2', 'Ut tellus.', '2022-04-10 19:16:55', 'Flemming', '2022-11-20 22:42:43', 'Lorain');
insert into article_comment (article_id, user_id, content, created_at, created_by, modified_at, modified_by) values (89, 'id2', 'Curabitur convallis.', '2022-03-03 12:10:12', 'Tani', '2022-06-28 18:46:34', 'Sidonnie');
insert into article_comment (article_id, user_id, content, created_at, created_by, modified_at, modified_by) values (4, 'id1', 'Duis at velit eu est congue elementum.', '2022-04-01 06:30:40', 'Esme', '2022-09-06 13:38:19', 'Alex');
insert into article_comment (article_id, user_id, content, created_at, created_by, modified_at, modified_by) values (46, 'id1', 'Nunc nisl.', '2022-02-23 20:25:54', 'Angelica', '2022-11-03 05:06:36', 'Faye');
insert into article_comment (article_id, user_id, content, created_at, created_by, modified_at, modified_by) values (26, 'id2', 'Proin leo odio, porttitor id, consequat in, consequat ut, nulla.', '2022-09-22 12:54:33', 'Dyanna', '2022-05-22 02:39:02', 'Nikolai');
insert into article_comment (article_id, user_id, content, created_at, created_by, modified_at, modified_by) values (123, 'id3', 'Cras non velit nec nisi vulputate nonummy.', '2022-04-20 23:25:13', 'Hazel', '2022-10-20 20:25:08', 'Betty');
insert into article_comment (article_id, user_id, content, created_at, created_by, modified_at, modified_by) values (49, 'id1', 'Etiam justo.', '2022-08-20 08:00:58', 'Lindsay', '2022-11-03 19:43:46', 'Shelagh');
insert into article_comment (article_id, user_id, content, created_at, created_by, modified_at, modified_by) values (121, 'id2', 'Pellentesque ultrices mattis odio.', '2022-11-13 04:53:05', 'Mariska', '2022-07-02 01:16:54', 'Emilio');
insert into article_comment (article_id, user_id, content, created_at, created_by, modified_at, modified_by) values (2, 'id3', 'Quisque id justo sit amet sapien dignissim vestibulum.', '2022-09-03 13:13:30', 'Leah', '2022-10-03 03:14:36', 'Nanni');
insert into article_comment (article_id, user_id, content, created_at, created_by, modified_at, modified_by) values (99, 'id2', 'Vestibulum ante ipsum primis in faucibus orci luctus et ultrices posuere cubilia Curae; Duis faucibus accumsan odio.', '2022-06-02 14:03:12', 'Pepi', '2022-02-19 13:37:54', 'Debee');
insert into article_comment (article_id, user_id, content, created_at, created_by, modified_at, modified_by) values (54, 'id3', 'Nullam orci pede, venenatis non, sodales sed, tincidunt eu, felis.', '2022-10-08 22:55:46', 'Janna', '2022-06-02 17:18:47', 'Sidoney');
insert into article_comment (article_id, user_id, content, created_at, created_by, modified_at, modified_by) values (71, 'id3', 'Praesent lectus.', '2022-02-14 00:33:21', 'Christophorus', '2022-01-14 03:17:06', 'Tine');
insert into article_comment (article_id, user_id, content, created_at, created_by, modified_at, modified_by) values (84, 'id1', 'Integer ac neque.', '2022-10-17 15:19:27', 'Eddi', '2022-07-13 18:37:14', 'Aubrette');
insert into article_comment (article_id, user_id, content, created_at, created_by, modified_at, modified_by) values (113, 'id3', 'Donec quis orci eget orci vehicula condimentum.', '2022-07-02 02:34:27', 'Kalli', '2022-03-12 03:48:42', 'Lindy');
insert into article_comment (article_id, user_id, content, created_at, created_by, modified_at, modified_by) values (5, 'id3', 'Cras pellentesque volutpat dui.', '2022-09-04 11:20:33', 'Lorianne', '2022-08-23 12:47:25', 'Filmore');
insert into article_comment (article_id, user_id, content, created_at, created_by, modified_at, modified_by) values (61, 'id1', 'Morbi porttitor lorem id ligula.', '2022-09-22 12:56:47', 'Krystal', '2022-12-22 22:04:15', 'Iris');
insert into article_comment (article_id, user_id, content, created_at, created_by, modified_at, modified_by) values (5, 'id1', 'Nulla tempus.', '2022-04-23 11:35:48', 'Dorita', '2022-01-09 01:11:13', 'Roby');
insert into article_comment (article_id, user_id, content, created_at, created_by, modified_at, modified_by) values (55, 'id1', 'Sed vel enim sit amet nunc viverra dapibus.', '2022-12-11 03:28:27', 'Sansone', '2022-11-18 06:00:21', 'Avril');
insert into article_comment (article_id, user_id, content, created_at, created_by, modified_at, modified_by) values (104, 'id3', 'Proin at turpis a pede posuere nonummy.', '2022-02-16 03:44:32', 'Maddalena', '2022-03-24 02:59:06', 'Maren');
insert into article_comment (article_id, user_id, content, created_at, created_by, modified_at, modified_by) values (44, 'id2', 'Lorem ipsum dolor sit amet, consectetuer adipiscing elit.', '2022-01-04 16:06:04', 'Zita', '2022-01-15 05:32:41', 'Poppy');
insert into article_comment (article_id, user_id, content, created_at, created_by, modified_at, modified_by) values (75, 'id2', 'Phasellus in felis.', '2022-11-15 12:56:21', 'Jorie', '2022-02-20 09:39:46', 'Bobbe');
insert into article_comment (article_id, user_id, content, created_at, created_by, modified_at, modified_by) values (66, 'id1', 'Nam congue, risus semper porta volutpat, quam pede lobortis ligula, sit amet eleifend pede libero quis orci.', '2022-01-31 20:39:53', 'Wayland', '2022-02-11 02:13:16', 'Trevor');
insert into article_comment (article_id, user_id, content, created_at, created_by, modified_at, modified_by) values (73, 'id3', 'Donec ut dolor.', '2022-01-22 01:17:41', 'Xerxes', '2022-02-10 04:16:00', 'Tymon');
insert into article_comment (article_id, user_id, content, created_at, created_by, modified_at, modified_by) values (28, 'id1', 'Mauris ullamcorper purus sit amet nulla.', '2022-10-24 05:58:31', 'Audy', '2022-05-19 22:27:58', 'Aurthur');
insert into article_comment (article_id, user_id, content, created_at, created_by, modified_at, modified_by) values (63, 'id1', 'Suspendisse potenti.', '2022-06-17 01:00:49', 'Kristoffer', '2022-11-07 09:29:14', 'Galvin');
insert into article_comment (article_id, user_id, content, created_at, created_by, modified_at, modified_by) values (12, 'id3', 'Pellentesque viverra pede ac diam.', '2022-11-11 07:09:21', 'Arlinda', '2022-11-18 16:12:43', 'Delora');
insert into article_comment (article_id, user_id, content, created_at, created_by, modified_at, modified_by) values (10, 'id1', 'Vestibulum ac est lacinia nisi venenatis tristique.', '2022-10-20 20:17:03', 'Eal', '2022-10-05 10:11:18', 'Gigi');
insert into article_comment (article_id, user_id, content, created_at, created_by, modified_at, modified_by) values (73, 'id3', 'Suspendisse potenti.', '2022-04-24 12:43:08', 'Carie', '2022-08-17 11:14:53', 'Sybil');
insert into article_comment (article_id, user_id, content, created_at, created_by, modified_at, modified_by) values (20, 'id2', 'Duis bibendum, felis sed interdum venenatis, turpis enim blandit mi, in porttitor pede justo eu massa.', '2022-08-31 07:09:12', 'Stoddard', '2022-06-24 21:55:53', 'Winny');
insert into article_comment (article_id, user_id, content, created_at, created_by, modified_at, modified_by) values (92, 'id1', 'Mauris lacinia sapien quis libero.', '2022-05-25 09:57:41', 'Brad', '2022-05-12 02:27:00', 'Claybourne');
insert into article_comment (article_id, user_id, content, created_at, created_by, modified_at, modified_by) values (93, 'id3', 'Nulla tellus.', '2022-06-23 16:16:57', 'Giffard', '2022-06-26 10:16:08', 'Marjory');
insert into article_comment (article_id, user_id, content, created_at, created_by, modified_at, modified_by) values (101, 'id1', 'Morbi non quam nec dui luctus rutrum.', '2022-01-16 07:36:26', 'Dallas', '2022-06-25 15:22:55', 'Breena');
insert into article_comment (article_id, user_id, content, created_at, created_by, modified_at, modified_by) values (82, 'id2', 'Aliquam sit amet diam in magna bibendum imperdiet.', '2022-01-13 02:46:20', 'Goddard', '2022-07-29 00:02:37', 'Glyn');
insert into article_comment (article_id, user_id, content, created_at, created_by, modified_at, modified_by) values (35, 'id3', 'Integer tincidunt ante vel ipsum.', '2022-09-09 14:10:59', 'Sherman', '2022-09-15 21:00:31', 'Rhetta');
insert into article_comment (article_id, user_id, content, created_at, created_by, modified_at, modified_by) values (106, 'id2', 'Donec dapibus.', '2022-08-02 19:42:29', 'Gizela', '2022-03-29 02:39:39', 'Val');
insert into article_comment (article_id, user_id, content, created_at, created_by, modified_at, modified_by) values (10, 'id3', 'Duis bibendum.', '2022-08-15 14:05:16', 'Florencia', '2022-03-19 22:27:01', 'Dennie');
insert into article_comment (article_id, user_id, content, created_at, created_by, modified_at, modified_by) values (10, 'id3', 'Etiam pretium iaculis justo.', '2022-07-01 14:49:35', 'Dewain', '2022-12-06 21:16:43', 'Marion');
insert into article_comment (article_id, user_id, content, created_at, created_by, modified_at, modified_by) values (64, 'id3', 'Lorem ipsum dolor sit amet, consectetuer adipiscing elit.', '2022-08-28 20:45:54', 'Tracy', '2022-07-22 13:30:02', 'Bradney');
insert into article_comment (article_id, user_id, content, created_at, created_by, modified_at, modified_by) values (98, 'id1', 'Suspendisse potenti.', '2022-08-15 03:58:51', 'Gabriela', '2022-07-29 17:02:10', 'Evangeline');
insert into article_comment (article_id, user_id, content, created_at, created_by, modified_at, modified_by) values (52, 'id3', 'Nam ultrices, libero non mattis pulvinar, nulla pede ullamcorper augue, a suscipit nulla elit ac nulla.', '2022-03-06 06:28:59', 'Dionne', '2022-04-25 06:35:27', 'Vale');
insert into article_comment (article_id, user_id, content, created_at, created_by, modified_at, modified_by) values (97, 'id1', 'Donec semper sapien a libero.', '2022-06-05 10:04:36', 'Kirk', '2022-10-17 06:26:52', 'Gavan');
insert into article_comment (article_id, user_id, content, created_at, created_by, modified_at, modified_by) values (83, 'id3', 'Donec posuere metus vitae ipsum.', '2022-08-01 12:58:44', 'Den', '2022-07-15 23:10:10', 'Lanae');
insert into article_comment (article_id, user_id, content, created_at, created_by, modified_at, modified_by) values (65, 'id3', 'Suspendisse ornare consequat lectus.', '2022-06-16 03:20:56', 'Harlie', '2022-03-16 13:16:19', 'Henry');
insert into article_comment (article_id, user_id, content, created_at, created_by, modified_at, modified_by) values (122, 'id1', 'Duis bibendum.', '2022-02-06 15:37:06', 'Patten', '2022-11-12 10:26:05', 'Letti');
insert into article_comment (article_id, user_id, content, created_at, created_by, modified_at, modified_by) values (82, 'id2', 'Donec ut dolor.', '2022-07-17 05:31:09', 'Hugues', '2022-11-18 01:34:49', 'Leif');
insert into article_comment (article_id, user_id, content, created_at, created_by, modified_at, modified_by) values (81, 'id2', 'Vivamus in felis eu sapien cursus vestibulum.', '2022-04-05 22:57:57', 'Jasper', '2022-09-05 19:35:24', 'Sullivan');
insert into article_comment (article_id, user_id, content, created_at, created_by, modified_at, modified_by) values (62, 'id1', 'Quisque erat eros, viverra eget, congue eget, semper rutrum, nulla.', '2022-03-16 08:00:13', 'Emmalyn', '2022-03-09 09:39:24', 'Witty');
insert into article_comment (article_id, user_id, content, created_at, created_by, modified_at, modified_by) values (38, 'id1', 'Etiam vel augue.', '2022-11-13 03:41:34', 'Loutitia', '2022-07-16 02:48:38', 'Thebault');
insert into article_comment (article_id, user_id, content, created_at, created_by, modified_at, modified_by) values (103, 'id1', 'Ut tellus.', '2022-11-03 11:11:18', 'Rosy', '2022-05-15 05:24:04', 'Blinnie');
insert into article_comment (article_id, user_id, content, created_at, created_by, modified_at, modified_by) values (107, 'id2', 'Sed accumsan felis.', '2022-12-02 03:44:33', 'Sharron', '2022-05-30 06:43:37', 'Gearard');
insert into article_comment (article_id, user_id, content, created_at, created_by, modified_at, modified_by) values (100, 'id3', 'Nam tristique tortor eu pede.', '2022-04-14 03:47:15', 'Gregorius', '2022-06-22 19:40:05', 'Marguerite');
insert into article_comment (article_id, user_id, content, created_at, created_by, modified_at, modified_by) values (11, 'id3', 'Mauris lacinia sapien quis libero.', '2022-02-03 18:55:49', 'Padraic', '2022-08-21 11:51:29', 'Binny');
insert into article_comment (article_id, user_id, content, created_at, created_by, modified_at, modified_by) values (52, 'id1', 'Morbi sem mauris, laoreet ut, rhoncus aliquet, pulvinar sed, nisl.', '2022-05-21 08:48:33', 'Lemmy', '2022-08-23 09:43:47', 'Salvidor');
insert into article_comment (article_id, user_id, content, created_at, created_by, modified_at, modified_by) values (73, 'id2', 'Proin interdum mauris non ligula pellentesque ultrices.', '2022-04-21 10:36:31', 'Evvie', '2022-06-24 12:30:46', 'Janie');
insert into article_comment (article_id, user_id, content, created_at, created_by, modified_at, modified_by) values (104, 'id3', 'Integer pede justo, lacinia eget, tincidunt eget, tempus vel, pede.', '2022-04-27 11:33:03', 'Gaelan', '2022-04-13 00:30:38', 'Wyndham');
insert into article_comment (article_id, user_id, content, created_at, created_by, modified_at, modified_by) values (89, 'id3', 'Vivamus tortor.', '2022-09-23 11:21:49', 'Forrest', '2022-06-14 17:14:30', 'Nisse');
insert into article_comment (article_id, user_id, content, created_at, created_by, modified_at, modified_by) values (27, 'id2', 'Suspendisse accumsan tortor quis turpis.', '2022-01-16 02:45:47', 'Kirbie', '2022-04-05 19:23:48', 'Zachariah');
insert into article_comment (article_id, user_id, content, created_at, created_by, modified_at, modified_by) values (94, 'id3', 'Nullam varius.', '2022-05-04 11:11:26', 'Riordan', '2022-03-08 02:35:35', 'Arnie');
insert into article_comment (article_id, user_id, content, created_at, created_by, modified_at, modified_by) values (31, 'id1', 'Aliquam sit amet diam in magna bibendum imperdiet.', '2022-04-11 03:01:33', 'Rufe', '2022-04-22 10:43:34', 'Petronella');
insert into article_comment (article_id, user_id, content, created_at, created_by, modified_at, modified_by) values (25, 'id3', 'Quisque ut erat.', '2022-03-16 14:08:59', 'Mala', '2022-04-06 07:59:35', 'Konrad');
insert into article_comment (article_id, user_id, content, created_at, created_by, modified_at, modified_by) values (25, 'id1', 'Quisque porta volutpat erat.', '2022-02-19 18:13:31', 'Cornelle', '2022-12-12 04:26:31', 'Emmi');
insert into article_comment (article_id, user_id, content, created_at, created_by, modified_at, modified_by) values (89, 'id3', 'Duis consequat dui nec nisi volutpat eleifend.', '2022-06-23 11:29:33', 'Constantino', '2022-03-19 20:55:03', 'Ashleigh');
insert into article_comment (article_id, user_id, content, created_at, created_by, modified_at, modified_by) values (96, 'id2', 'Nulla tellus.', '2022-07-17 11:08:22', 'Donnajean', '2022-10-18 21:37:54', 'Mohandas');
insert into article_comment (article_id, user_id, content, created_at, created_by, modified_at, modified_by) values (30, 'id2', 'Curabitur convallis.', '2022-06-14 20:44:51', 'Sybille', '2022-08-22 23:08:32', 'Luciano');
insert into article_comment (article_id, user_id, content, created_at, created_by, modified_at, modified_by) values (74, 'id1', 'Vestibulum ac est lacinia nisi venenatis tristique.', '2022-02-01 10:11:14', 'Bee', '2022-08-07 00:18:04', 'Emalee');
insert into article_comment (article_id, user_id, content, created_at, created_by, modified_at, modified_by) values (120, 'id2', 'Praesent blandit lacinia erat.', '2021-12-28 20:28:47', 'Beilul', '2022-09-10 20:18:19', 'Winnah');
insert into article_comment (article_id, user_id, content, created_at, created_by, modified_at, modified_by) values (101, 'id1', 'Proin leo odio, porttitor id, consequat in, consequat ut, nulla.', '2022-08-10 07:29:33', 'Olivier', '2022-07-08 16:19:04', 'Abdel');
insert into article_comment (article_id, user_id, content, created_at, created_by, modified_at, modified_by) values (94, 'id2', 'Aliquam augue quam, sollicitudin vitae, consectetuer eget, rutrum at, lorem.', '2022-10-19 02:34:52', 'Honoria', '2022-03-23 13:23:08', 'Henri');
insert into article_comment (article_id, user_id, content, created_at, created_by, modified_at, modified_by) values (122, 'id2', 'Morbi non lectus.', '2022-05-11 06:29:46', 'Buckie', '2022-01-07 13:00:52', 'Dasie');
insert into article_comment (article_id, user_id, content, created_at, created_by, modified_at, modified_by) values (87, 'id2', 'Vivamus vel nulla eget eros elementum pellentesque.', '2022-12-03 11:27:28', 'Kent', '2022-11-21 22:34:58', 'Myriam');
insert into article_comment (article_id, user_id, content, created_at, created_by, modified_at, modified_by) values (74, 'id3', 'Nulla nisl.', '2022-08-25 08:59:29', 'Irwinn', '2022-11-03 03:30:15', 'Deloris');
insert into article_comment (article_id, user_id, content, created_at, created_by, modified_at, modified_by) values (30, 'id2', 'Vestibulum ante ipsum primis in faucibus orci luctus et ultrices posuere cubilia Curae; Donec pharetra, magna vestibulum aliquet ultrices, erat tortor sollicitudin mi, sit amet lobortis sapien sapien non mi.', '2022-04-25 16:36:56', 'Reidar', '2022-03-16 02:45:11', 'Cathie');
insert into article_comment (article_id, user_id, content, created_at, created_by, modified_at, modified_by) values (18, 'id2', 'Quisque id justo sit amet sapien dignissim vestibulum.', '2022-07-14 15:55:46', 'Jock', '2022-05-11 06:56:29', 'Jacquelynn');
insert into article_comment (article_id, user_id, content, created_at, created_by, modified_at, modified_by) values (22, 'id2', 'Donec ut mauris eget massa tempor convallis.', '2022-06-07 19:04:17', 'Cyndie', '2022-10-17 18:33:02', 'Ely');
insert into article_comment (article_id, user_id, content, created_at, created_by, modified_at, modified_by) values (101, 'id1', 'Phasellus in felis.', '2022-10-15 02:35:07', 'Nicolas', '2022-03-19 17:42:44', 'Lucias');
insert into article_comment (article_id, user_id, content, created_at, created_by, modified_at, modified_by) values (73, 'id2', 'Cum sociis natoque penatibus et magnis dis parturient montes, nascetur ridiculus mus.', '2022-10-15 11:24:47', 'Baxy', '2022-04-24 08:40:49', 'Dee');
insert into article_comment (article_id, user_id, content, created_at, created_by, modified_at, modified_by) values (75, 'id3', 'Vivamus vestibulum sagittis sapien.', '2022-07-01 21:58:15', 'Nadia', '2022-01-05 09:50:15', 'Yehudi');
insert into article_comment (article_id, user_id, content, created_at, created_by, modified_at, modified_by) values (56, 'id2', 'Morbi vestibulum, velit id pretium iaculis, diam erat fermentum justo, nec condimentum neque sapien placerat ante.', '2022-07-08 03:52:26', 'Carolina', '2022-06-14 10:33:42', 'Adel');
insert into article_comment (article_id, user_id, content, created_at, created_by, modified_at, modified_by) values (10, 'id2', 'Vestibulum ante ipsum primis in faucibus orci luctus et ultrices posuere cubilia Curae; Mauris viverra diam vitae quam.', '2022-07-14 17:34:35', 'Brent', '2022-12-25 17:24:35', 'Melisent');
insert into article_comment (article_id, user_id, content, created_at, created_by, modified_at, modified_by) values (110, 'id1', 'Morbi ut odio.', '2022-11-19 05:11:00', 'Gerti', '2022-04-01 23:36:04', 'Roi');
insert into article_comment (article_id, user_id, content, created_at, created_by, modified_at, modified_by) values (52, 'id3', 'Vivamus in felis eu sapien cursus vestibulum.', '2022-11-27 18:13:27', 'Erl', '2022-02-12 05:53:48', 'Karine');
insert into article_comment (article_id, user_id, content, created_at, created_by, modified_at, modified_by) values (108, 'id1', 'Duis aliquam convallis nunc.', '2022-12-13 07:55:18', 'Kelcie', '2022-08-17 00:11:17', 'Christi');
insert into article_comment (article_id, user_id, content, created_at, created_by, modified_at, modified_by) values (88, 'id3', 'Proin risus.', '2022-01-19 23:35:22', 'Stanwood', '2022-02-05 17:20:25', 'Felicity');
insert into article_comment (article_id, user_id, content, created_at, created_by, modified_at, modified_by) values (65, 'id3', 'Curabitur in libero ut massa volutpat convallis.', '2022-07-11 07:48:25', 'Barbee', '2022-11-14 01:23:57', 'Zonda');
insert into article_comment (article_id, user_id, content, created_at, created_by, modified_at, modified_by) values (98, 'id2', 'Integer tincidunt ante vel ipsum.', '2022-05-19 10:00:06', 'Constancy', '2022-06-30 13:55:28', 'Reggi');
insert into article_comment (article_id, user_id, content, created_at, created_by, modified_at, modified_by) values (72, 'id3', 'Maecenas tincidunt lacus at velit.', '2022-05-02 19:55:04', 'Jewelle', '2022-04-28 14:27:43', 'Kore');
insert into article_comment (article_id, user_id, content, created_at, created_by, modified_at, modified_by) values (122, 'id2', 'Morbi a ipsum.', '2022-07-04 05:15:45', 'Brandon', '2022-05-12 06:32:05', 'Pia');
insert into article_comment (article_id, user_id, content, created_at, created_by, modified_at, modified_by) values (72, 'id3', 'In hac habitasse platea dictumst.', '2022-08-20 18:04:35', 'Kendrick', '2022-05-16 04:59:26', 'Shaylynn');
insert into article_comment (article_id, user_id, content, created_at, created_by, modified_at, modified_by) values (47, 'id3', 'Cras non velit nec nisi vulputate nonummy.', '2022-07-05 02:28:04', 'Cynde', '2022-12-20 18:04:27', 'Robena');
insert into article_comment (article_id, user_id, content, created_at, created_by, modified_at, modified_by) values (32, 'id3', 'Morbi porttitor lorem id ligula.', '2022-07-04 11:01:46', 'Ardeen', '2022-02-13 16:56:00', 'Flory');
insert into article_comment (article_id, user_id, content, created_at, created_by, modified_at, modified_by) values (81, 'id2', 'In hac habitasse platea dictumst.', '2022-11-19 17:59:19', 'Myrah', '2022-07-03 20:22:33', 'Gates');
insert into article_comment (article_id, user_id, content, created_at, created_by, modified_at, modified_by) values (119, 'id2', 'Duis consequat dui nec nisi volutpat eleifend.', '2022-10-23 07:00:16', 'Lark', '2022-04-30 02:24:46', 'Brier');
insert into article_comment (article_id, user_id, content, created_at, created_by, modified_at, modified_by) values (64, 'id3', 'Duis aliquam convallis nunc.', '2022-04-29 15:43:30', 'Griffie', '2022-02-18 07:07:40', 'Alberta');
insert into article_comment (article_id, user_id, content, created_at, created_by, modified_at, modified_by) values (8, 'id2', 'In hac habitasse platea dictumst.', '2022-06-21 15:56:22', 'Joye', '2022-07-26 06:45:09', 'Jemmie');
insert into article_comment (article_id, user_id, content, created_at, created_by, modified_at, modified_by) values (114, 'id1', 'Quisque porta volutpat erat.', '2022-06-01 07:31:49', 'Mill', '2022-11-29 19:50:35', 'Tarah');
insert into article_comment (article_id, user_id, content, created_at, created_by, modified_at, modified_by) values (3, 'id1', 'Pellentesque viverra pede ac diam.', '2022-04-10 07:14:56', 'Denys', '2022-01-19 15:22:25', 'Padraig');
insert into article_comment (article_id, user_id, content, created_at, created_by, modified_at, modified_by) values (103, 'id2', 'Morbi ut odio.', '2022-07-31 08:42:03', 'Lee', '2022-08-29 08:12:06', 'Onida');
insert into article_comment (article_id, user_id, content, created_at, created_by, modified_at, modified_by) values (94, 'id1', 'Morbi non lectus.', '2022-01-08 20:54:23', 'Jandy', '2022-08-09 00:49:06', 'Cecilius');
insert into article_comment (article_id, user_id, content, created_at, created_by, modified_at, modified_by) values (37, 'id1', 'Vestibulum quam sapien, varius ut, blandit non, interdum in, ante.', '2022-10-17 22:18:55', 'Betteann', '2022-09-22 09:17:00', 'Kerrin');
insert into article_comment (article_id, user_id, content, created_at, created_by, modified_at, modified_by) values (74, 'id1', 'Curabitur convallis.', '2022-03-17 06:44:24', 'Aurel', '2022-10-28 11:55:17', 'Sandra');
insert into article_comment (article_id, user_id, content, created_at, created_by, modified_at, modified_by) values (52, 'id1', 'Nulla ut erat id mauris vulputate elementum.', '2022-08-31 01:59:21', 'Giacomo', '2022-10-17 23:46:45', 'Sammy');
insert into article_comment (article_id, user_id, content, created_at, created_by, modified_at, modified_by) values (70, 'id3', 'Nam dui.', '2022-11-26 03:11:16', 'Eb', '2022-02-12 22:32:30', 'Brod');
insert into article_comment (article_id, user_id, content, created_at, created_by, modified_at, modified_by) values (78, 'id1', 'Donec vitae nisi.', '2022-09-19 23:40:05', 'Nichole', '2022-01-16 20:16:03', 'Margaux');
insert into article_comment (article_id, user_id, content, created_at, created_by, modified_at, modified_by) values (96, 'id3', 'Nulla neque libero, convallis eget, eleifend luctus, ultricies eu, nibh.', '2022-09-14 19:54:04', 'Tally', '2022-11-28 21:25:33', 'Constantino');
insert into article_comment (article_id, user_id, content, created_at, created_by, modified_at, modified_by) values (94, 'id2', 'Cras pellentesque volutpat dui.', '2022-04-12 02:10:31', 'Bartlett', '2022-09-10 03:32:41', 'Chip');
insert into article_comment (article_id, user_id, content, created_at, created_by, modified_at, modified_by) values (45, 'id3', 'Aenean auctor gravida sem.', '2022-01-11 22:34:09', 'Menard', '2022-11-01 23:02:41', 'Lucilia');
insert into article_comment (article_id, user_id, content, created_at, created_by, modified_at, modified_by) values (43, 'id2', 'Integer pede justo, lacinia eget, tincidunt eget, tempus vel, pede.', '2022-10-20 04:26:33', 'Morgen', '2022-08-23 13:48:49', 'Maryrose');
insert into article_comment (article_id, user_id, content, created_at, created_by, modified_at, modified_by) values (116, 'id3', 'Fusce posuere felis sed lacus.', '2022-06-30 20:53:52', 'Olwen', '2022-02-17 16:52:40', 'Marmaduke');
insert into article_comment (article_id, user_id, content, created_at, created_by, modified_at, modified_by) values (51, 'id2', 'Suspendisse potenti.', '2022-02-20 20:32:44', 'Sterling', '2022-02-24 23:17:45', 'Anatollo');
insert into article_comment (article_id, user_id, content, created_at, created_by, modified_at, modified_by) values (38, 'id1', 'Donec odio justo, sollicitudin ut, suscipit a, feugiat et, eros.', '2022-07-14 17:35:42', 'Orelle', '2022-01-31 06:02:37', 'Leela');
insert into article_comment (article_id, user_id, content, created_at, created_by, modified_at, modified_by) values (6, 'id1', 'Nullam varius.', '2022-06-23 05:17:27', 'Minda', '2022-04-08 17:52:50', 'Ethelin');
insert into article_comment (article_id, user_id, content, created_at, created_by, modified_at, modified_by) values (93, 'id2', 'Nulla mollis molestie lorem.', '2022-04-06 20:33:16', 'Shelton', '2022-06-10 22:55:58', 'Dru');
insert into article_comment (article_id, user_id, content, created_at, created_by, modified_at, modified_by) values (26, 'id1', 'Aenean auctor gravida sem.', '2022-03-18 21:33:18', 'Druci', '2022-08-13 21:11:07', 'Howard');
insert into article_comment (article_id, user_id, content, created_at, created_by, modified_at, modified_by) values (38, 'id2', 'Nullam varius.', '2022-12-23 13:20:35', 'Raoul', '2022-01-30 11:44:36', 'Israel');
insert into article_comment (article_id, user_id, content, created_at, created_by, modified_at, modified_by) values (83, 'id2', 'Duis mattis egestas metus.', '2022-01-10 19:03:30', 'Werner', '2022-12-06 03:36:44', 'Levon');
insert into article_comment (article_id, user_id, content, created_at, created_by, modified_at, modified_by) values (76, 'id3', 'Nam ultrices, libero non mattis pulvinar, nulla pede ullamcorper augue, a suscipit nulla elit ac nulla.', '2022-07-04 20:11:55', 'Sammy', '2022-11-10 18:52:34', 'Davida');
insert into article_comment (article_id, user_id, content, created_at, created_by, modified_at, modified_by) values (22, 'id3', 'Sed ante.', '2022-02-22 01:30:51', 'Fabe', '2021-12-30 09:35:16', 'Quincy');
insert into article_comment (article_id, user_id, content, created_at, created_by, modified_at, modified_by) values (108, 'id1', 'Etiam vel augue.', '2022-12-22 09:56:13', 'Sarita', '2022-01-18 08:47:31', 'Noam');
insert into article_comment (article_id, user_id, content, created_at, created_by, modified_at, modified_by) values (74, 'id1', 'Quisque ut erat.', '2022-04-05 16:59:45', 'Gaby', '2022-07-01 23:10:00', 'Cassie');
insert into article_comment (article_id, user_id, content, created_at, created_by, modified_at, modified_by) values (7, 'id3', 'Vestibulum quam sapien, varius ut, blandit non, interdum in, ante.', '2022-06-19 17:27:37', 'Zacharie', '2022-03-22 07:27:53', 'Ray');
insert into article_comment (article_id, user_id, content, created_at, created_by, modified_at, modified_by) values (115, 'id1', 'Pellentesque ultrices mattis odio.', '2022-03-26 18:38:56', 'Cully', '2022-05-14 15:38:34', 'Hale');
insert into article_comment (article_id, user_id, content, created_at, created_by, modified_at, modified_by) values (123, 'id1', 'Integer non velit.', '2022-08-29 11:47:03', 'Petunia', '2022-12-05 08:40:17', 'Rees');
insert into article_comment (article_id, user_id, content, created_at, created_by, modified_at, modified_by) values (35, 'id1', 'Suspendisse potenti.', '2022-10-23 22:32:37', 'Casper', '2022-11-10 15:00:12', 'Kahlil');
insert into article_comment (article_id, user_id, content, created_at, created_by, modified_at, modified_by) values (10, 'id2', 'Proin risus.', '2022-10-17 11:46:52', 'Seward', '2022-11-23 04:05:55', 'Corilla');
insert into article_comment (article_id, user_id, content, created_at, created_by, modified_at, modified_by) values (33, 'id2', 'Quisque ut erat.', '2022-03-13 03:53:09', 'Tony', '2022-10-15 22:12:29', 'Roth');
insert into article_comment (article_id, user_id, content, created_at, created_by, modified_at, modified_by) values (88, 'id1', 'Maecenas rhoncus aliquam lacus.', '2022-01-21 21:43:08', 'Celestyn', '2022-11-17 00:02:02', 'Shelden');
insert into article_comment (article_id, user_id, content, created_at, created_by, modified_at, modified_by) values (87, 'id2', 'Integer non velit.', '2022-07-18 01:20:00', 'Stormi', '2022-03-05 16:42:08', 'Nita');
insert into article_comment (article_id, user_id, content, created_at, created_by, modified_at, modified_by) values (14, 'id1', 'Vivamus vestibulum sagittis sapien.', '2022-04-25 16:24:53', 'Christoforo', '2022-04-01 00:51:49', 'Hayley');
insert into article_comment (article_id, user_id, content, created_at, created_by, modified_at, modified_by) values (37, 'id1', 'Nulla nisl.', '2022-05-23 01:29:35', 'Celestyna', '2022-09-12 11:00:47', 'Robbert');
insert into article_comment (article_id, user_id, content, created_at, created_by, modified_at, modified_by) values (11, 'id2', 'Lorem ipsum dolor sit amet, consectetuer adipiscing elit.', '2022-09-24 11:13:53', 'Claudell', '2022-09-01 19:01:21', 'Ben');
insert into article_comment (article_id, user_id, content, created_at, created_by, modified_at, modified_by) values (116, 'id3', 'Lorem ipsum dolor sit amet, consectetuer adipiscing elit.', '2022-05-22 12:14:53', 'Chelsey', '2022-11-07 14:52:46', 'Bernette');
insert into article_comment (article_id, user_id, content, created_at, created_by, modified_at, modified_by) values (76, 'id3', 'Mauris sit amet eros.', '2022-03-02 07:22:15', 'Kelli', '2022-10-29 19:15:15', 'Auroora');
insert into article_comment (article_id, user_id, content, created_at, created_by, modified_at, modified_by) values (2, 'id2', 'Praesent blandit lacinia erat.', '2022-09-08 14:16:38', 'Chryste', '2022-06-29 17:17:11', 'Monroe');
insert into article_comment (article_id, user_id, content, created_at, created_by, modified_at, modified_by) values (44, 'id3', 'Etiam vel augue.', '2022-08-12 17:06:16', 'Arturo', '2022-07-06 04:39:27', 'Arnoldo');
insert into article_comment (article_id, user_id, content, created_at, created_by, modified_at, modified_by) values (102, 'id1', 'Etiam pretium iaculis justo.', '2022-03-26 07:04:58', 'Tremain', '2022-12-13 23:19:12', 'Brad');
insert into article_comment (article_id, user_id, content, created_at, created_by, modified_at, modified_by) values (122, 'id3', 'Cum sociis natoque penatibus et magnis dis parturient montes, nascetur ridiculus mus.', '2022-03-31 17:54:11', 'Leonanie', '2022-08-08 18:01:54', 'Rita');
insert into article_comment (article_id, user_id, content, created_at, created_by, modified_at, modified_by) values (62, 'id1', 'Fusce lacus purus, aliquet at, feugiat non, pretium quis, lectus.', '2022-03-11 15:08:59', 'Ahmad', '2022-02-25 01:59:44', 'Nannette');
insert into article_comment (article_id, user_id, content, created_at, created_by, modified_at, modified_by) values (45, 'id1', 'In sagittis dui vel nisl.', '2022-08-16 03:26:12', 'Berry', '2022-10-28 03:10:33', 'Evan');
insert into article_comment (article_id, user_id, content, created_at, created_by, modified_at, modified_by) values (9, 'id2', 'Mauris lacinia sapien quis libero.', '2022-09-01 09:43:59', 'Bliss', '2022-06-17 12:19:56', 'Brandy');
insert into article_comment (article_id, user_id, content, created_at, created_by, modified_at, modified_by) values (25, 'id2', 'Nam tristique tortor eu pede.', '2022-01-18 14:37:55', 'Pamela', '2022-12-26 13:34:16', 'Lira');
insert into article_comment (article_id, user_id, content, created_at, created_by, modified_at, modified_by) values (49, 'id1', 'In hac habitasse platea dictumst.', '2022-03-06 11:07:14', 'Curr', '2022-09-26 05:10:38', 'Belia');
insert into article_comment (article_id, user_id, content, created_at, created_by, modified_at, modified_by) values (78, 'id2', 'Nullam orci pede, venenatis non, sodales sed, tincidunt eu, felis.', '2022-04-13 20:54:43', 'Carney', '2022-03-28 11:52:15', 'Cloe');
insert into article_comment (article_id, user_id, content, created_at, created_by, modified_at, modified_by) values (99, 'id3', 'Donec posuere metus vitae ipsum.', '2022-06-04 22:51:23', 'Erich', '2022-02-22 20:24:22', 'Joseph');
insert into article_comment (article_id, user_id, content, created_at, created_by, modified_at, modified_by) values (64, 'id3', 'Duis consequat dui nec nisi volutpat eleifend.', '2022-11-22 10:44:13', 'Karyn', '2022-02-11 16:21:11', 'Sigismund');
insert into article_comment (article_id, user_id, content, created_at, created_by, modified_at, modified_by) values (51, 'id2', 'Suspendisse potenti.', '2022-02-20 23:57:32', 'Katrine', '2022-09-28 14:11:47', 'Hardy');
insert into article_comment (article_id, user_id, content, created_at, created_by, modified_at, modified_by) values (26, 'id3', 'Duis bibendum.', '2022-10-15 05:16:05', 'Kylila', '2022-05-18 08:43:16', 'Korney');
insert into article_comment (article_id, user_id, content, created_at, created_by, modified_at, modified_by) values (33, 'id1', 'Cras mi pede, malesuada in, imperdiet et, commodo vulputate, justo.', '2022-11-15 02:25:10', 'Jory', '2022-02-08 18:38:23', 'Yancey');
insert into article_comment (article_id, user_id, content, created_at, created_by, modified_at, modified_by) values (32, 'id2', 'Quisque erat eros, viverra eget, congue eget, semper rutrum, nulla.', '2022-11-25 09:31:15', 'Lock', '2022-03-16 18:28:23', 'Pammi');
insert into article_comment (article_id, user_id, content, created_at, created_by, modified_at, modified_by) values (14, 'id1', 'Nunc rhoncus dui vel sem.', '2022-10-21 08:10:29', 'Mauricio', '2022-04-15 20:22:04', 'Edward');
insert into article_comment (article_id, user_id, content, created_at, created_by, modified_at, modified_by) values (114, 'id2', 'Nulla justo.', '2022-10-06 09:44:45', 'Helsa', '2022-03-06 12:44:39', 'Moritz');
insert into article_comment (article_id, user_id, content, created_at, created_by, modified_at, modified_by) values (20, 'id3', 'Nulla justo.', '2022-02-25 07:01:03', 'Letizia', '2022-05-16 06:15:55', 'Ravid');
insert into article_comment (article_id, user_id, content, created_at, created_by, modified_at, modified_by) values (59, 'id2', 'Phasellus id sapien in sapien iaculis congue.', '2022-06-05 18:05:06', 'Herby', '2022-05-12 07:33:48', 'Karalynn');
insert into article_comment (article_id, user_id, content, created_at, created_by, modified_at, modified_by) values (97, 'id2', 'Proin at turpis a pede posuere nonummy.', '2022-12-15 21:14:09', 'Quinn', '2022-09-18 12:33:35', 'Mariska');
insert into article_comment (article_id, user_id, content, created_at, created_by, modified_at, modified_by) values (53, 'id1', 'Donec odio justo, sollicitudin ut, suscipit a, feugiat et, eros.', '2022-11-08 04:48:49', 'Wallie', '2022-01-08 01:00:13', 'Alberta');
insert into article_comment (article_id, user_id, content, created_at, created_by, modified_at, modified_by) values (60, 'id1', 'Duis mattis egestas metus.', '2022-05-30 23:27:55', 'Shelby', '2022-08-27 19:40:05', 'Griselda');
insert into article_comment (article_id, user_id, content, created_at, created_by, modified_at, modified_by) values (80, 'id3', 'Suspendisse potenti.', '2022-07-19 12:18:17', 'Berty', '2022-01-09 02:03:23', 'Kipp');
insert into article_comment (article_id, user_id, content, created_at, created_by, modified_at, modified_by) values (73, 'id2', 'Nullam porttitor lacus at turpis.', '2022-07-16 19:31:22', 'Loise', '2022-08-08 22:35:39', 'Allayne');
insert into article_comment (article_id, user_id, content, created_at, created_by, modified_at, modified_by) values (13, 'id2', 'Integer tincidunt ante vel ipsum.', '2022-03-03 07:26:03', 'Gabbey', '2022-01-08 07:53:48', 'Rivy');
insert into article_comment (article_id, user_id, content, created_at, created_by, modified_at, modified_by) values (91, 'id2', 'Maecenas rhoncus aliquam lacus.', '2022-02-26 15:32:44', 'Gerhardine', '2022-04-14 21:46:05', 'Jaynell');
insert into article_comment (article_id, user_id, content, created_at, created_by, modified_at, modified_by) values (69, 'id1', 'Pellentesque at nulla.', '2022-06-01 02:50:00', 'Dinny', '2022-10-07 06:07:58', 'Whitman');
insert into article_comment (article_id, user_id, content, created_at, created_by, modified_at, modified_by) values (78, 'id3', 'Integer aliquet, massa id lobortis convallis, tortor risus dapibus augue, vel accumsan tellus nisi eu orci.', '2022-05-31 21:54:46', 'Antons', '2022-01-01 05:01:18', 'Modesta');
insert into article_comment (article_id, user_id, content, created_at, created_by, modified_at, modified_by) values (28, 'id2', 'Quisque erat eros, viverra eget, congue eget, semper rutrum, nulla.', '2022-10-01 06:00:50', 'Caleb', '2022-07-09 07:49:29', 'Breena');
insert into article_comment (article_id, user_id, content, created_at, created_by, modified_at, modified_by) values (75, 'id1', 'Quisque porta volutpat erat.', '2022-08-28 21:09:41', 'Zorine', '2022-03-27 23:08:32', 'Mirilla');
insert into article_comment (article_id, user_id, content, created_at, created_by, modified_at, modified_by) values (50, 'id3', 'Integer ac neque.', '2022-12-17 13:17:32', 'Gwynne', '2022-04-29 11:43:12', 'Obidiah');
insert into article_comment (article_id, user_id, content, created_at, created_by, modified_at, modified_by) values (115, 'id2', 'In eleifend quam a odio.', '2022-05-06 07:54:53', 'Alexandra', '2022-09-15 21:11:23', 'Gerik');
insert into article_comment (article_id, user_id, content, created_at, created_by, modified_at, modified_by) values (78, 'id1', 'Nulla nisl.', '2022-06-30 10:49:26', 'Geordie', '2021-12-31 23:49:49', 'Margy');
insert into article_comment (article_id, user_id, content, created_at, created_by, modified_at, modified_by) values (120, 'id1', 'Quisque porta volutpat erat.', '2022-12-10 04:18:36', 'Jeanna', '2022-05-13 20:41:06', 'Tessy');
insert into article_comment (article_id, user_id, content, created_at, created_by, modified_at, modified_by) values (41, 'id1', 'Ut at dolor quis odio consequat varius.', '2022-09-27 11:55:38', 'Jolee', '2022-02-11 04:16:18', 'Daveta');
insert into article_comment (article_id, user_id, content, created_at, created_by, modified_at, modified_by) values (104, 'id3', 'Nam ultrices, libero non mattis pulvinar, nulla pede ullamcorper augue, a suscipit nulla elit ac nulla.', '2022-10-24 16:50:19', 'Tori', '2022-09-05 04:24:19', 'Hillyer');
insert into article_comment (article_id, user_id, content, created_at, created_by, modified_at, modified_by) values (121, 'id3', 'Integer a nibh.', '2022-05-04 15:49:41', 'Nathanael', '2022-12-17 09:57:23', 'Deanne');
insert into article_comment (article_id, user_id, content, created_at, created_by, modified_at, modified_by) values (98, 'id3', 'Praesent blandit lacinia erat.', '2022-11-30 19:36:46', 'Aubert', '2022-08-07 07:44:39', 'Merwyn');
insert into article_comment (article_id, user_id, content, created_at, created_by, modified_at, modified_by) values (55, 'id3', 'Praesent id massa id nisl venenatis lacinia.', '2022-02-07 04:50:51', 'Milton', '2022-11-27 14:39:52', 'Candace');
insert into article_comment (article_id, user_id, content, created_at, created_by, modified_at, modified_by) values (107, 'id1', 'Mauris ullamcorper purus sit amet nulla.', '2022-10-21 07:18:36', 'Bancroft', '2022-05-26 08:10:16', 'Eloisa');
insert into article_comment (article_id, user_id, content, created_at, created_by, modified_at, modified_by) values (78, 'id3', 'Nullam orci pede, venenatis non, sodales sed, tincidunt eu, felis.', '2022-04-23 23:18:11', 'Nanice', '2022-05-31 14:57:34', 'Tally');
insert into article_comment (article_id, user_id, content, created_at, created_by, modified_at, modified_by) values (59, 'id1', 'Duis mattis egestas metus.', '2022-06-11 21:34:31', 'Jaime', '2022-05-09 02:58:40', 'Tansy');
insert into article_comment (article_id, user_id, content, created_at, created_by, modified_at, modified_by) values (60, 'id3', 'Duis at velit eu est congue elementum.', '2022-01-25 11:03:04', 'Cazzie', '2022-02-16 14:54:46', 'Irina');
insert into article_comment (article_id, user_id, content, created_at, created_by, modified_at, modified_by) values (14, 'id1', 'Nullam porttitor lacus at turpis.', '2022-11-22 00:14:27', 'Chandra', '2022-07-22 03:12:35', 'Chane');
insert into article_comment (article_id, user_id, content, created_at, created_by, modified_at, modified_by) values (67, 'id1', 'Phasellus sit amet erat.', '2022-03-27 18:09:36', 'Glori', '2022-08-18 00:30:49', 'Perrine');
insert into article_comment (article_id, user_id, content, created_at, created_by, modified_at, modified_by) values (45, 'id2', 'Maecenas ut massa quis augue luctus tincidunt.', '2022-07-26 09:17:03', 'Irwinn', '2022-12-10 08:54:18', 'Angie');
insert into article_comment (article_id, user_id, content, created_at, created_by, modified_at, modified_by) values (95, 'id1', 'Vivamus vel nulla eget eros elementum pellentesque.', '2022-12-03 08:32:16', 'Lenard', '2022-03-22 08:23:43', 'Celie');
insert into article_comment (article_id, user_id, content, created_at, created_by, modified_at, modified_by) values (80, 'id2', 'Integer tincidunt ante vel ipsum.', '2022-11-09 03:22:40', 'Demetre', '2022-12-12 12:08:37', 'Emilie');
insert into article_comment (article_id, user_id, content, created_at, created_by, modified_at, modified_by) values (93, 'id1', 'Quisque erat eros, viverra eget, congue eget, semper rutrum, nulla.', '2022-12-06 10:08:19', 'Linell', '2022-07-19 17:12:30', 'Christiano');
insert into article_comment (article_id, user_id, content, created_at, created_by, modified_at, modified_by) values (119, 'id2', 'Cras pellentesque volutpat dui.', '2022-11-15 23:05:04', 'Danna', '2022-03-03 09:19:22', 'Rawley');
insert into article_comment (article_id, user_id, content, created_at, created_by, modified_at, modified_by) values (96, 'id1', 'Maecenas tincidunt lacus at velit.', '2022-07-24 00:08:44', 'Arne', '2022-08-15 01:48:16', 'Taddeusz');
insert into article_comment (article_id, user_id, content, created_at, created_by, modified_at, modified_by) values (24, 'id2', 'In eleifend quam a odio.', '2022-12-24 06:07:03', 'Caresse', '2022-09-11 01:07:36', 'See');
insert into article_comment (article_id, user_id, content, created_at, created_by, modified_at, modified_by) values (96, 'id3', 'Nam ultrices, libero non mattis pulvinar, nulla pede ullamcorper augue, a suscipit nulla elit ac nulla.', '2022-04-08 15:20:20', 'Gherardo', '2022-09-28 04:26:18', 'Waylin');
insert into article_comment (article_id, user_id, content, created_at, created_by, modified_at, modified_by) values (18, 'id2', 'Mauris lacinia sapien quis libero.', '2022-07-26 17:16:08', 'Merle', '2022-07-16 08:12:51', 'Alida');
insert into article_comment (article_id, user_id, content, created_at, created_by, modified_at, modified_by) values (50, 'id2', 'Nullam sit amet turpis elementum ligula vehicula consequat.', '2022-02-09 04:04:47', 'Luz', '2022-04-26 06:01:15', 'Rodge');
insert into article_comment (article_id, user_id, content, created_at, created_by, modified_at, modified_by) values (61, 'id1', 'Duis mattis egestas metus.', '2022-05-23 07:24:23', 'Harper', '2022-05-02 13:07:01', 'Hermina');
insert into article_comment (article_id, user_id, content, created_at, created_by, modified_at, modified_by) values (114, 'id1', 'Donec dapibus.', '2022-07-18 02:02:19', 'Fifine', '2022-03-07 17:23:41', 'Doro');
insert into article_comment (article_id, user_id, content, created_at, created_by, modified_at, modified_by) values (59, 'id1', 'Donec odio justo, sollicitudin ut, suscipit a, feugiat et, eros.', '2022-05-11 07:48:13', 'Barri', '2022-02-12 21:37:52', 'Josy');
insert into article_comment (article_id, user_id, content, created_at, created_by, modified_at, modified_by) values (16, 'id1', 'Morbi quis tortor id nulla ultrices aliquet.', '2022-01-10 10:47:08', 'Frederich', '2022-05-13 15:46:46', 'Cinda');
insert into article_comment (article_id, user_id, content, created_at, created_by, modified_at, modified_by) values (110, 'id1', 'Mauris sit amet eros.', '2022-02-23 05:52:32', 'Lana', '2022-10-24 03:27:44', 'Carilyn');
insert into article_comment (article_id, user_id, content, created_at, created_by, modified_at, modified_by) values (118, 'id2', 'Vivamus metus arcu, adipiscing molestie, hendrerit at, vulputate vitae, nisl.', '2022-06-18 11:32:19', 'Rhiamon', '2022-07-31 07:08:09', 'Irene');
insert into article_comment (article_id, user_id, content, created_at, created_by, modified_at, modified_by) values (71, 'id3', 'Cras non velit nec nisi vulputate nonummy.', '2022-03-15 00:23:25', 'Skipton', '2022-11-28 19:33:35', 'Damian');
insert into article_comment (article_id, user_id, content, created_at, created_by, modified_at, modified_by) values (40, 'id1', 'In hac habitasse platea dictumst.', '2022-01-01 03:59:31', 'Corey', '2022-07-29 09:08:48', 'Audi');
insert into article_comment (article_id, user_id, content, created_at, created_by, modified_at, modified_by) values (19, 'id1', 'Etiam justo.', '2022-03-19 01:24:16', 'Arden', '2022-12-20 08:39:20', 'Filide');
insert into article_comment (article_id, user_id, content, created_at, created_by, modified_at, modified_by) values (78, 'id2', 'Integer ac neque.', '2022-09-15 02:43:53', 'Glenn', '2022-03-10 22:49:54', 'Manda');
insert into article_comment (article_id, user_id, content, created_at, created_by, modified_at, modified_by) values (41, 'id3', 'Vestibulum sed magna at nunc commodo placerat.', '2022-12-20 16:42:19', 'Oralie', '2022-08-02 20:15:35', 'Joelynn');
insert into article_comment (article_id, user_id, content, created_at, created_by, modified_at, modified_by) values (90, 'id1', 'Aliquam augue quam, sollicitudin vitae, consectetuer eget, rutrum at, lorem.', '2022-04-19 15:13:45', 'Stearne', '2022-02-06 17:33:37', 'Winslow');
insert into article_comment (article_id, user_id, content, created_at, created_by, modified_at, modified_by) values (39, 'id2', 'In quis justo.', '2022-09-07 21:19:01', 'Dory', '2022-10-28 10:08:56', 'Lennie');
insert into article_comment (article_id, user_id, content, created_at, created_by, modified_at, modified_by) values (120, 'id2', 'Aliquam quis turpis eget elit sodales scelerisque.', '2022-02-01 20:32:53', 'Jake', '2022-08-30 18:35:54', 'Brocky');
insert into article_comment (article_id, user_id, content, created_at, created_by, modified_at, modified_by) values (42, 'id2', 'Proin leo odio, porttitor id, consequat in, consequat ut, nulla.', '2022-02-22 14:45:53', 'Emmi', '2022-06-01 10:22:33', 'Rinaldo');
insert into article_comment (article_id, user_id, content, created_at, created_by, modified_at, modified_by) values (98, 'id1', 'Nulla tempus.', '2022-11-29 04:17:13', 'Nanci', '2022-01-24 10:11:45', 'Skipper');
insert into article_comment (article_id, user_id, content, created_at, created_by, modified_at, modified_by) values (120, 'id1', 'Cras non velit nec nisi vulputate nonummy.', '2022-07-08 17:34:19', 'Anne-corinne', '2022-04-06 04:06:39', 'Vickie');
insert into article_comment (article_id, user_id, content, created_at, created_by, modified_at, modified_by) values (30, 'id2', 'Pellentesque viverra pede ac diam.', '2022-09-03 09:27:29', 'Lyndy', '2022-07-17 09:07:26', 'Ilyse');
insert into article_comment (article_id, user_id, content, created_at, created_by, modified_at, modified_by) values (59, 'id2', 'Maecenas ut massa quis augue luctus tincidunt.', '2022-07-05 04:01:45', 'Hope', '2022-04-13 18:24:58', 'Valencia');
insert into article_comment (article_id, user_id, content, created_at, created_by, modified_at, modified_by) values (5, 'id3', 'Ut at dolor quis odio consequat varius.', '2022-12-08 08:14:33', 'Granger', '2022-07-14 00:23:24', 'Sunny');
insert into article_comment (article_id, user_id, content, created_at, created_by, modified_at, modified_by) values (1, 'id3', 'Nulla ac enim.', '2022-09-07 08:22:41', 'Antonie', '2022-05-01 04:41:05', 'Lezlie');
insert into article_comment (article_id, user_id, content, created_at, created_by, modified_at, modified_by) values (4, 'id2', 'Proin at turpis a pede posuere nonummy.', '2022-06-28 04:38:35', 'Marie', '2022-09-12 10:32:52', 'Alfonso');
insert into article_comment (article_id, user_id, content, created_at, created_by, modified_at, modified_by) values (7, 'id2', 'Duis mattis egestas metus.', '2022-05-18 17:12:33', 'Wiley', '2022-08-26 06:22:48', 'Nelie');
insert into article_comment (article_id, user_id, content, created_at, created_by, modified_at, modified_by) values (76, 'id1', 'Maecenas pulvinar lobortis est.', '2022-03-01 11:31:34', 'Hermione', '2022-06-02 16:23:54', 'Frasier');
insert into article_comment (article_id, user_id, content, created_at, created_by, modified_at, modified_by) values (81, 'id1', 'Nunc rhoncus dui vel sem.', '2022-11-08 20:24:07', 'Cos', '2021-12-29 17:02:42', 'Leroy');
insert into article_comment (article_id, user_id, content, created_at, created_by, modified_at, modified_by) values (54, 'id3', 'Nulla ut erat id mauris vulputate elementum.', '2022-03-29 04:14:27', 'Shelli', '2022-03-11 07:59:27', 'Mitchael');
insert into article_comment (article_id, user_id, content, created_at, created_by, modified_at, modified_by) values (54, 'id3', 'Pellentesque eget nunc.', '2022-08-08 16:27:40', 'Lethia', '2022-12-22 14:04:55', 'Barrie');
insert into article_comment (article_id, user_id, content, created_at, created_by, modified_at, modified_by) values (29, 'id3', 'Maecenas leo odio, condimentum id, luctus nec, molestie sed, justo.', '2022-09-18 21:11:09', 'Wallas', '2022-06-17 10:58:03', 'Elizabeth');
insert into article_comment (article_id, user_id, content, created_at, created_by, modified_at, modified_by) values (38, 'id2', 'Vestibulum ante ipsum primis in faucibus orci luctus et ultrices posuere cubilia Curae; Donec pharetra, magna vestibulum aliquet ultrices, erat tortor sollicitudin mi, sit amet lobortis sapien sapien non mi.', '2022-12-12 00:49:34', 'Ferdinanda', '2022-07-24 17:58:40', 'Nariko');
insert into article_comment (article_id, user_id, content, created_at, created_by, modified_at, modified_by) values (69, 'id2', 'Quisque ut erat.', '2022-07-22 23:09:36', 'Rosella', '2022-12-20 15:51:30', 'Celinka');
insert into article_comment (article_id, user_id, content, created_at, created_by, modified_at, modified_by) values (97, 'id2', 'Quisque porta volutpat erat.', '2022-09-23 10:37:31', 'Elsi', '2022-09-01 08:22:01', 'Mathilde');
insert into article_comment (article_id, user_id, content, created_at, created_by, modified_at, modified_by) values (2, 'id1', 'Lorem ipsum dolor sit amet, consectetuer adipiscing elit.', '2022-07-25 05:41:15', 'Meg', '2022-11-15 02:04:32', 'Terri');
insert into article_comment (article_id, user_id, content, created_at, created_by, modified_at, modified_by) values (25, 'id2', 'Nulla facilisi.', '2022-05-13 01:56:30', 'Celisse', '2022-08-07 01:03:18', 'Lonny');
insert into article_comment (article_id, user_id, content, created_at, created_by, modified_at, modified_by) values (52, 'id3', 'Praesent lectus.', '2022-04-30 21:38:02', 'Hort', '2022-11-19 10:26:23', 'Alford');
insert into article_comment (article_id, user_id, content, created_at, created_by, modified_at, modified_by) values (20, 'id3', 'Cras in purus eu magna vulputate luctus.', '2022-04-22 17:00:00', 'Simone', '2022-02-21 15:32:07', 'Hamish');
insert into article_comment (article_id, user_id, content, created_at, created_by, modified_at, modified_by) values (121, 'id1', 'Nunc nisl.', '2022-02-09 10:44:41', 'Dierdre', '2022-12-23 20:02:41', 'Guss');
insert into article_comment (article_id, user_id, content, created_at, created_by, modified_at, modified_by) values (94, 'id2', 'Nulla ac enim.', '2022-07-31 16:07:33', 'Hans', '2022-08-07 04:38:42', 'Ava');
insert into article_comment (article_id, user_id, content, created_at, created_by, modified_at, modified_by) values (84, 'id3', 'Proin interdum mauris non ligula pellentesque ultrices.', '2022-08-27 21:40:32', 'Aryn', '2022-08-10 02:21:01', 'Salvidor');
